"pkPonto";"nmPonto";"fkLinha";"hrDePassagem";"hrDePassagemVolta";"fkBairro";"ativo";"usuarioIncluiu";"dataAlteracao"
"799";" R. Auristela c/ R. Vieira de Campos ";"50";"06:38:00.0000000";"NULL";"153";"S";"NULL";"NULL"
"801";"Av.  João XXIII, 1613";"46";"07:06:00.0000000";"NULL";"153";"S";"roberto.silva";"2023-07-28 00:00:00.000"
"805";"Av. Antares, 1981 (Assembléia de Deus) ";"46";"06:46:00.0000000";"NULL";"153";"S";"paulo.thiago";"2024-04-16 00:00:00.000"
"806";"Av. Antares, 1027";"46";"06:45:00.0000000";"NULL";"153";"S";"paulo.thiago";"2024-04-16 00:00:00.000"
"807";"Av. Antares, 2392 (Antiga Continac)";"46";"06:47:00.0000000";"NULL";"153";"S";"paulo.thiago";"2024-04-16 00:00:00.000"
"808";"Av. Areia Branca nº2378 c/ R. Cincinato de Freitas (Creche)";"50";"06:34:00.0000000";"NULL";"153";"S";"NULL";"NULL"
"810";"Av. Areia Branca nº1731 c/ R. São Benedito (Igreja São Benedito)";"50";"06:39:00.0000000";"NULL";"153";"S";"NULL";"NULL"
"811";"Av. Areia Branca nº1844 c/ R. Serra Grande (P. de Ônibus)";"50";"06:35:00.0000000";"NULL";"153";"S";"NULL";"NULL"
"812";"Av. Ayrton Senna c/ R. México (Rua da Bandeira)";"58";"07:06:00.0000000";"NULL";"344";"N";"NULL";"NULL"
"814";"Av. Dep. Octávio Cabral, 427 (Frente a Light) [22°52'20.4""S 43°46'14.7""W]";"58";"07:08:00.0000000";"NULL";"344";"S";"paulo.thiago";"2024-07-30 00:00:00.000"
"819";"Avenida Brasil c/ Estr. Sargento Miguel Filho (P. de Gasolina Fabiana Oeste)";"60";"06:40:00.0000000";"NULL";"123";"S";"NULL";"NULL"
"820";"Estrada do Vigário Geral c/ Nº. 913 (Atrás da Fiorenza)";"58";"06:25:00.0000000";"NULL";"85";"N";"NULL";"NULL"
"821";"Avenida Brasil c/ Posto Gasolina Mendanha (Shopping Avenida)";"60";"06:46:00.0000000";"NULL";"129";"S";"NULL";"NULL"
"823";"Avenida Brasil c/ Palazzo Motel [22°51'34.7""S 43°27'28.1""W]";"60";"06:36:00.0000000";"NULL";"147";"S";"paulo.thiago";"2024-07-17 00:00:00.000"
"826";"Avenida Cesário de Melo , 14196 (Grupo TMC) c/ R. Felipe Cardoso [22°56'07.8""S 43°39'59.7""W]";"59";"06:50:00.0000000";"NULL";"153";"S";"paulo.thiago";"2024-10-30 00:00:00.000"
"828";"Estr. da Pedra c/ BRT Vendas de Varanda";"59";"06:48:00.0000000";"NULL";"139";"N";"NULL";"NULL"
"829";"Avenida das Americas c/ Estação do BRT Magarça";"59";"06:42:00.0000000";"NULL";"139";"S";"paulo.thiago";"2023-12-08 00:00:00.000"
"830";"Avenida das Americas c/ KM-17 (Nova Barra- P.ônibus)";"59";"06:20:00.0000000";"NULL";"152";"S";"paulo.thiago";"2023-12-08 00:00:00.000"
"831";"Av. Doutor Arruda Negreiros c/ Rua Camila César";"49";"06:12:00.0000000";"NULL";"964";"S";"NULL";"NULL"
"832";"Av. Torres Homem com Rua Grinaldina Moreira";"49";"06:21:00.0000000";"NULL";"652";"S";"NULL";"NULL"
"834";"Av. Borges de Medeiros (1º ponto após Rua Maria Angélica)";"62";"06:12:00.0000000";"NULL";"23";"S";"NULL";"NULL"
"839";"Av. Presidente Costa e Silva, 1745 (LE Automóveis)";"53";"06:18:00.0000000";"NULL";"674";"S";"paulo.thiago";"2024-06-13 00:00:00.000"
"841";"Av. João XXIII nº1007 c/ Ponto Antes da Ponte do Rio Ita";"46";"07:00:00.0000000";"NULL";"153";"N";"NULL";"NULL"
"842";"Av. João XXIII c/ Conjunto Liberdade";"46";"07:01:00.0000000";"NULL";"153";"N";"NULL";"NULL"
"844";"Av. João XXIII, 622";"46";"07:00:00.0000000";"NULL";"153";"S";"paulo.thiago";"2024-04-16 00:00:00.000"
"849";"Av. Lauro Sodré, 150";"62";"05:37:00.0000000";"NULL";"688";"S";"paulo.thiago";"2024-02-02 00:00:00.000"
"852";"Av. Ten-aviador Nilton Campos Soares c/ Praça Igreja Católica - Paróquia São Mateus";"49";"06:15:00.0000000";"NULL";"215";"S";"NULL";"NULL"
"856";"Av. Padre Guilherme Decaminada, 430 c/ R. Melgaço (P.Ônibus)";"50";"06:59:00.0000000";"NULL";"153";"S";"paulo.thiago";"2024-06-10 00:00:00.000"
"857";"Av. Pr. Martin Luther King Jr. c/ Praça de Coelho Neto (Praça Profª Virginia Cidade)";"60";"06:21:00.0000000";"NULL";"50";"S";"NULL";"NULL"
"859";"Av. Pr. Martin Luther King Jr./ Metro de Irajá";"60";"06:15:00.0000000";"NULL";"69";"S";"NULL";"NULL"
"862";"Avenida Governador Leonel de Moura Brizola Próximo Ao 2402 c/ Banco Itaú";"58";"06:03:00.0000000";"NULL";"765";"S";"paulo.thiago";"2024-11-05 00:00:00.000"
"863";"Avenida Governador Leonel de Moura Brizola, próximo ao 1613 c/ Banco Itaú (Teatro Raul Cortes)";"58";"06:10:00.0000000";"NULL";"1008";"S";"paulo.thiago";"2024-11-05 00:00:00.000"
"864";"Avenida Governador Leonel de Moura Brizola Próximo Ao 4100-4150 c/ Av. Francisco Faleiro de Freitas Lima";"58";"06:04:00.0000000";"NULL";"765";"S";"paulo.thiago";"2024-11-05 00:00:00.000"
"865";"Avenida Governador Leonel de Moura Brizola, 559 c/ Garagem Auto Viação Jurema";"58";"06:15:00.0000000";"NULL";"1008";"S";"paulo.thiago";"2024-11-05 00:00:00.000"
"866";"Avenida Governador Leonel de Moura Brizola c/ Rodoviária Lote XV (Terminal Rodoviário Parque São José)";"58";"05:53:00.0000000";"NULL";"578";"S";"paulo.thiago";"2024-11-05 00:00:00.000"
"869";"Av. Presidente Costa e Silva, 355 c/ Estação de Edson Passos";"53";"06:21:00.0000000";"NULL";"674";"S";"paulo.thiago";"2024-06-13 00:00:00.000"
"872";"Avenida de Santa Cruz, 11520 (Ponto de Ônibus)";"47";"06:33:00.0000000";"NULL";"154";"S";"paulo.thiago";"2023-09-13 00:00:00.000"
"874";"Avenida Armando Lombardi c/ Igreja Católica";"59";"05:49:00.0000000";"NULL";"124";"N";"NULL";"NULL"
"875";"Avenida Brasil 17795 c/ Gata de Irajá ";"65";"06:42:00.0000000";"NULL";"69";"N";"NULL";"NULL"
"876";"Avenida Brasil, 3305 c/ Rua Catiri (Coca Cola) [22°51'24.5""S 43°28'19.8""W]";"60";"06:39:00.0000000";"NULL";"123";"S";"paulo.thiago";"2024-10-30 00:00:00.000"
"879";"Avenida Brasil c/ KM-51 (Passarela de Palmares)";"60";"06:58:00.0000000";"NULL";"129";"S";"paulo.thiago";"2024-01-12 00:00:00.000"
"880";"Avenida Brasil c/ KM-52 (2ª passarela de Palmares)";"60";"06:59:00.0000000";"NULL";"129";"S";"paulo.thiago";"2024-01-12 00:00:00.000"
"881";"Avenida Brasil c/ Motel Fina Flor";"60";"06:33:00.0000000";"NULL";"151";"S";"NULL";"NULL"
"882";"Avenida Brasil c/ Adonai Atacadista (Ponto de Ônibus) [22°51'39.2""S 43°27'04.5""W]";"60";"06:35:00.0000000";"NULL";"147";"S";"paulo.thiago";"2024-07-17 00:00:00.000"
"883";"Avenida Brasil c/ Passarela em frente ao DNER";"65";"06:40:00.0000000";"NULL";"69";"N";"NULL";"NULL"
"884";"Avenida Brasil c/ Passarela 01 (Cemitério do Caju)";"62";"06:22:00.0000000";"NULL";"1002";"N";"NULL";"NULL"
"887";"Avenida Brasil c/ Praça Dolomitas (UPA Vila Kennedy)";"60";"06:44:00.0000000";"NULL";"123";"S";"paulo.thiago";"2024-01-12 00:00:00.000"
"890";"Avenida Brasil c/ Rua Araquém";"60";"06:38:00.0000000";"NULL";"123";"S";"NULL";"NULL"
"891";"Avenida Brasil, Nº22.436 c/ Rua Francisco Portela (fab. Polimar_ptoOnibus_Universal)";"60";"06:26:00.0000000";"NULL";"65";"S";"roberto.silva";"2023-08-21 00:00:00.000"
"892";"Avenida Brasil, nº 22472 c/ Rua Marcos de Macedo (Passarela)";"60";"06:29:00.0000000";"NULL";"65";"N";"NULL";"NULL"
"893";"Avenida Brasil c/ Super Pesa (Cond. Vale das Palmeiras)";"60";"06:49:00.0000000";"NULL";"129";"S";"paulo.thiago";"2024-01-12 00:00:00.000"
"895";"Avenida Braz de Pina c/ R. Oliveira Belo";"60";"06:07:00.0000000";"NULL";"117";"S";"NULL";"NULL"
"896";"Avenida Braz de Pina c/ Trav. da Confiança (Lag. do Bicão)";"60";"06:09:00.0000000";"NULL";"117";"S";"NULL";"NULL"
"898";"Avenida Cesário de Melo, 10478 (Estação de Paciência)";"46";"06:39:00.0000000";"NULL";"146";"S";"paulo.thiago";"2024-04-16 00:00:00.000"
"899";"Avenida Cesário de Melo, 4570 (Posto Gasolina)";"46";"06:27:00.0000000";"NULL";"129";"S";"paulo.thiago";"2024-04-16 00:00:00.000"
"904";"Avenida Cesário de Melo, 11586 (Fábrica Lacca)";"46";"06:41:00.0000000";"NULL";"146";"S";"paulo.thiago";"2024-04-16 00:00:00.000"
"905";"Avenida Cesário de Melo, 12100 ";"46";"06:43:00.0000000";"NULL";"146";"S";"paulo.thiago";"2024-04-16 00:00:00.000"
"906";"Avenida Cesário de Melo, 5176 (Pizzaria Fadinique)";"46";"06:29:00.0000000";"NULL";"129";"S";"paulo.thiago";"2024-04-16 00:00:00.000"
"907";"Avenida Cesário de Melo, 5580 (Posto de Saúde)";"46";"06:30:00.0000000";"NULL";"129";"S";"paulo.thiago";"2024-04-16 00:00:00.000"
"908";"Avenida Cesário de Melo, 7356";"46";"06:32:00.0000000";"NULL";"140";"S";"paulo.thiago";"2024-04-16 00:00:00.000"
"910";"Avenida Cesário de Melo, 8360 ";"46";"06:34:00.0000000";"NULL";"132";"S";"paulo.thiago";"2024-04-16 00:00:00.000"
"911";"Avenida Cesário de Melo Nº. 8956 c/ R. Florentino Avidos (Est. BRT Cosmos)";"46";"06:35:00.0000000";"NULL";"132";"N";"NULL";"NULL"
"912";"Avenida Cesário de Melo, 8896 (BRT COSMOS)";"46";"06:35:00.0000000";"NULL";"132";"S";"paulo.thiago";"2024-04-16 00:00:00.000"
"913";"Avenida das Américas, 18000 (em frente ao BRT Recreio Shopping)";"59";"06:23:00.0000000";"NULL";"152";"S";"paulo.thiago";"2023-10-04 00:00:00.000"
"914";"Avenida das Américas c/ Estação do BRT Mato Alto ";"59";"06:38:00.0000000";"NULL";"139";"S";"paulo.thiago";"2023-12-08 00:00:00.000"
"915";"Avenida das Américas c/ Cond. Barra Sul";"59";"06:12:00.0000000";"NULL";"124";"S";"NULL";"NULL"
"917";"Avenida das Américas c/ Condominio Mandala ";"59";"06:02:00.0000000";"NULL";"124";"S";"NULL";"NULL"
"918";"Avenida das Américas c/ Condominio Novo Leblon";"59";"06:05:00.0000000";"NULL";"124";"S";"NULL";"NULL"
"920";"Avenida das Américas c/ entr. da Ilha de Guaratiba (Posto de Gasolina)";"59";"06:34:00.0000000";"NULL";"139";"S";"NULL";"NULL"
"921";"Avenida das Américas c/ R. Guilherme de Almeida";"59";"06:16:00.0000000";"NULL";"152";"S";"roberto.silva";"2023-08-08 00:00:00.000"
"922";"Avenida das Américas c/ AMERICAS SHOPPING";"59";"06:18:00.0000000";"NULL";"152";"S";"NULL";"NULL"
"923";"Avenida das Américas, 13300 (Habib's Recreio)";"59";"06:14:00.0000000";"NULL";"152";"S";"paulo.thiago";"2023-12-08 00:00:00.000"
"924";"Avenida de Santa Cruz, 9280 (Assembleia de Deus)";"47";"06:29:00.0000000";"NULL";"155";"S";"paulo.thiago";"2023-09-13 00:00:00.000"
"925";"Avenida de Santa Cruz, 7130 (Ponto ônibus, prox. Prezunic)";"47";"06:27:00.0000000";"NULL";"155";"S";"paulo.thiago";"2023-09-13 00:00:00.000"
"926";"Avenida de Santa Cruz nº4336 c/ Rua Silva Cardoso";"52";"06:38:00.0000000";"NULL";"123";"S";"NULL";"NULL"
"929";"Avenida de Santa Cruz, 9970 (Ponto de ônibus antes da EBSE)";"47";"06:32:00.0000000";"NULL";"154";"S";"paulo.thiago";"2023-09-13 00:00:00.000"
"934";"Avenida Dom Helder Câmara Nº. 5644 (Norte Shopping)";"54";"06:14:00.0000000";"NULL";"56";"S";"NULL";"NULL"
"936";"Avenida Dom Helder Câmara Nº. 6840 (Delegacia de Roubos e Furtos)";"54";"06:16:00.0000000";"NULL";"92";"S";"NULL";"NULL"
"938";"Avenida Dom Helder Câmara Nº. 7640 c/ Rua Silva Xavier (Ponto ônibus)";"54";"06:18:00.0000000";"NULL";"31";"S";"NULL";"NULL"
"940";"Avenida Dom Helder Câmara Nº. 8610 c/ Rua Padre Manoel da Nobrega";"54";"06:20:00.0000000";"NULL";"829";"S";"NULL";"NULL"
"941";"Avenida Dom Helder Câmara Nº. 9630 c/ Rua Quintão (Padaria Trigopan)";"54";"06:22:00.0000000";"NULL";"97";"S";"NULL";"NULL"
"948";"Avenida General San Martin c/ Avenida Afrânio de Melo Franco ";"62";"05:54:00.0000000";"NULL";"25";"S";"NULL";"NULL"
"949";"Avenida General San Martin c/ Avenida Bartolomeu Mitre";"62";"05:55:00.0000000";"NULL";"25";"S";"NULL";"NULL"
"950";"Avenida General San Martin c/ Rua Aristides Espínola";"62";"05:58:00.0000000";"NULL";"25";"S";"NULL";"NULL"
"951";"Avenida Geremário Dantas, 1083 (CDA MED)";"55";"06:13:00.0000000";"NULL";"148";"S";"NULL";"NULL"
"952";"Avenida Geremário Dantas c/ Estrada do Pau Ferro";"55";"06:16:00.0000000";"NULL";"148";"S";"NULL";"NULL"
"953";"Avenida Geremário Dantas Nº. 527 (Auto Gerama)";"55";"06:18:00.0000000";"NULL";"148";"S";"NULL";"NULL"
"954";"Avenida Getúlio Vargas, 1409 c/ Caixa Econômica ";"53";"06:26:00.0000000";"NULL";"221";"S";"paulo.thiago";"2024-04-05 00:00:00.000"
"955";"Avenida Getúlio Vargas c/ Estr. Marechal Castelo Branco";"53";"06:23:00.0000000";"NULL";"674";"S";"NULL";"NULL"
"956";"Avenida Getúlio Vargas, 180 c/ Rua João Rodrigues da Cunha ";"53";"06:28:00.0000000";"NULL";"221";"S";"paulo.thiago";"2024-04-05 00:00:00.000"
"960";"Avenida das Américas, 1008 (Restaurante Beco do Alemão)";"59";"05:54:00.0000000";"NULL";"124";"S";"paulo.thiago";"2023-12-08 00:00:00.000"
"961";"Avenida Luz, 540-616";"48";"05:53:00.0000000";"NULL";"685";"S";"paulo.thiago";"2024-11-01 00:00:00.000"
"964";"Avenida Maria Teresa, 4 (c/ Assaí Atacadista)";"51";"06:37:00.0000000";"NULL";"129";"S";"paulo.thiago";"2023-07-17 00:00:00.000"
"965";"Estr. do Engenho Nº 1521 - Salão Imperial";"52";"06:47:00.0000000";"NULL";"123";"S";"NULL";"NULL"
"966";"Avenida Padre Guilherme Decaminada, 99 c/ Horto Florestal";"59";"07:06:00.0000000";"NULL";"153";"S";"paulo.thiago";"2023-12-08 00:00:00.000"
"967";"Av. Padre Guilherme Decaminada, 1001 (Condomínio Verona)";"50";"06:57:00.0000000";"NULL";"153";"S";"paulo.thiago";"2024-06-10 00:00:00.000"
"969";"Avenida Paranapuã Nº. 1371 c/ Rua Capanema";"64";"05:42:00.0000000";"NULL";"967";"N";"NULL";"NULL"
"971";"Avenida Rainha Elisabeth, 416 (P. ônibus)";"62";"05:47:00.0000000";"NULL";"15";"S";"paulo.thiago";"2024-02-02 00:00:00.000"
"978";"Estr .São Tarcísio, nº794 c/ Estr. Santo Antônio (P. Ônibus)";"50";"06:18:00.0000000";"NULL";"157";"S";"NULL";"NULL"
"979";"Estr. Reta do Rio Grande, 944";"46";"07:08:00.0000000";"NULL";"153";"S";"paulo.thiago";"2024-04-16 00:00:00.000"
"985";"Estr. da Cachamorra nº170 c/ Rede Economia";"51";"06:10:00.0000000";"NULL";"129";"S";"NULL";"NULL"
"986";"Estr. da Cachamorra 2443 c/ Rua Leônidas";"51";"06:20:00.0000000";"NULL";"129";"S";"NULL";"NULL"
"987";"Estr. do Mato Alto (Ponto de ônibus Prox. a Praça)";"51";"06:21:00.0000000";"NULL";"129";"S";"NULL";"NULL"
"989";"Av. Abílio Augusto Távora, 4397-4435";"48";"06:05:00.0000000";"NULL";"750";"S";"roberto.silva";"2023-07-28 00:00:00.000"
"991";"RJ-105, 2482 -Prox à Farmácia Droga Raia";"48";"05:55:00.0000000";"NULL";"685";"N";"roberto.silva";"2023-07-28 00:00:00.000"
"992";"Estr. de Madureira c/ R. Bragança (Colégio Médici)";"48";"06:10:00.0000000";"NULL";"732";"N";"NULL";"NULL"
"993";"Av. Abílio Augusto Távora, 10.000";"48";"06:15:00.0000000";"NULL";"732";"S";"roberto.silva";"2023-07-28 00:00:00.000"
"996";"Estr. Rio São Paulo c/ Rua José R. Galvão (Frente ao Posto BR)";"64";"06:58:00.0000000";"NULL";"921";"S";"NULL";"NULL"
"998";"Estr. de Piranema c/ R. Durvalina Francisca de Jesus (Radar 50)";"64";"07:00:00.0000000";"NULL";"921";"S";"NULL";"NULL"
"1004";"Estr. de Sepetiba, 5775 - Pto de ônibus próximo a Americanas Express";"50";"06:26:00.0000000";"NULL";"157";"S";"paulo.thiago";"2024-07-30 00:00:00.000"
"1005";"Estr. de Sepetiba, 5168 c/ R. Vitória Regia de Sepetiba (Ponto de Ônibus) [22°57'50.1""S 43°42'12.6""W]";"50";"06:27:00.0000000";"NULL";"157";"S";"paulo.thiago";"2024-07-30 00:00:00.000"
"1006";"Estr. Marechal Alencastro c/ Estr. do Engº. Novo ";"53";"06:30:00.0000000";"NULL";"36";"S";"NULL";"NULL"
"1008";"Estr. do Magarça, 5124 (Cond. Campo Verde 5124 c/ Av. Campo Mourão)";"50";"05:58:00.0000000";"NULL";"139";"S";"paulo.thiago";"2024-03-14 00:00:00.000"
"1009";"Estr. do Magarça c/ R. Bom Pastor (Cond. Colinas do Magarça)";"50";"05:52:00.0000000";"NULL";"139";"N";"NULL";"NULL"
"1011";"Estr. do Magarça c/ R. Coraci Gentil Nunes (Escola Gastão Rangel)";"50";"06:03:00.0000000";"NULL";"139";"S";"NULL";"NULL"
"1012";"Estr. do Magarça c/ R. do Cantor (Padaria Sol)";"50";"05:55:00.0000000";"NULL";"139";"N";"NULL";"NULL"
"1013";"Estr. do Magarça c/ R. Passagem Franca (Padaria dos Velhinhos)";"50";"05:59:00.0000000";"NULL";"139";"S";"NULL";"NULL"
"1015";"Estr. do Mendanha nº3274 c/ Bairro Silvestre";"63";"06:40:00.0000000";"NULL";"129";"S";"NULL";"NULL"
"1016";"Estr. do Mendanha 1.393 (P. ônibus frente ao Centro Educaciinal Esplanada)";"63";"06:43:00.0000000";"NULL";"129";"S";"roberto.silva";"2024-01-05 00:00:00.000"
"1017";"Estr. do Mendanha 4081 c/ Posto Shell - Grande Amor (P. de Ônibus ao lado Mercado Adonai)";"63";"06:30:00.0000000";"NULL";"129";"S";"paulo.thiago";"2024-03-21 00:00:00.000"
"1019";"Estr. do Monteiro nº481 c/ Rua Comari ";"51";"06:33:00.0000000";"NULL";"129";"S";"NULL";"NULL"
"1023";"Estr. Teixeiras, 137 c/ Floricultura (Acesso a Rio Santos)";"60";"07:18:00.0000000";"NULL";"228";"S";"paulo.thiago";"2024-01-12 00:00:00.000"
"1024";"Estr. Teixeiras Nº. 200 (Material de Contrução Prox. a Praça)";"9";"07:09:00.0000000";"NULL";"228";"N";"NULL";"NULL"
"1026";"Estr. do Monteiro, 645 (Ponto de ônibus / Habib?s)";"51";"06:31:00.0000000";"NULL";"129";"S";"paulo.thiago";"2024-03-21 00:00:00.000"
"1027";"Estr. Padre Roser c/ Caixa Econômica (Lag. do Bicão)";"60";"06:10:00.0000000";"NULL";"117";"S";"NULL";"NULL"
"1028";"Estr. Piaí nº2118 c/ R. Donatello (Padaria Nobreza)";"50";"06:10:00.0000000";"NULL";"157";"S";"NULL";"NULL"
"1030";"Estr. Rio São Paulo, 1719-1527";"48";"06:50:00.0000000";"NULL";"914";"S";"roberto.silva";"2023-07-28 00:00:00.000"
"1031";"Estr. Rio São Paulo c/ R. João Augusto Paiva (Brizolão) ";"48";"06:47:00.0000000";"NULL";"919";"S";"NULL";"NULL"
"1032";"R. Emília dos Santos, Q. 23 - Campo Lindo (Delegacia 48 DP)";"48";"06:48:00.0000000";"NULL";"914";"S";"roberto.silva";"2023-07-28 00:00:00.000"
"1033";"Estrada Rio-São Paulo, nº3455 c/ Estr. Santa Maria (Supergasbrás)";"63";"07:05:00.0000000";"NULL";"129";"S";"NULL";"NULL"
"1035";"Estr. Rio-São Paulo c/ Estrada de Madureira (Ponto de ônibus)";"9";"06:23:00.0000000";"06:32:00.0000000";"NULL";"S";"NULL";"NULL"
"1037";"Rod. Luiz Henrique Rezende Novaes, 319";"48";"06:44:00.0000000";"NULL";"712";"S";"roberto.silva";"2023-07-28 00:00:00.000"
"1038";"Estrada Rio São Paulo, 30";"48";"06:35:00.0000000";"NULL";"720";"S";"lilian.carre";"2023-06-26 00:00:00.000"
"1039";"Estr. Rio-São Paulo R. Marcelino (Portão Aux. CEDAE)";"48";"06:36:00.0000000";"NULL";"720";"S";"NULL";"NULL"
"1041";"Estr. São Tarcísio Nº. 1330 c/ R. Maria dos Anjos";"50";"06:15:00.0000000";"NULL";"157";"S";"NULL";"NULL"
"1042";"Estr. Vítor Dumas,81 (Referencia Raquel Alimentos)";"50";"06:44:00.0000000";"NULL";"153";"S";"paulo.thiago";"2024-07-10 00:00:00.000"
"1043";"Av. Dom Helder Câmara , Nº 3443 ";"60";"05:47:00.0000000";"NULL";"56";"S";"lilian.carre";"2023-07-19 00:00:00.000"
"1044";"Estrada Adhemar Bebiano c/ Condominio Prev, nº 4.800";"60";"05:35:00.0000000";"NULL";"59";"S";"NULL";"NULL"
"1045";"( Julio Film / Studio de tatuagem)**";"40";"06:41:00.0000000";"NULL";"129";"S";"NULL";"NULL"
"1049";"Estrada da Cachamorra c/ R. Fernão de Magalhães";"51";"06:15:00.0000000";"NULL";"129";"S";"NULL";"NULL"
"1050";"Estrada da Caroba, 158 (Academia)";"47";"06:40:00.0000000";"NULL";"129";"S";"paulo.thiago";"2023-09-13 00:00:00.000"
"1051";"Estrada da Caroba, 854 (Ponto de Ônibus)";"47";"06:41:00.0000000";"NULL";"129";"S";"paulo.thiago";"2023-09-13 00:00:00.000"
"1053";"Estrada da Posse, 1172 /Ponto de ônibus (em frente a Paróquia S. Francisco de Assis)";"45";"06:41:00.0000000";"NULL";"129";"S";"paulo.thiago";"2023-09-13 00:00:00.000"
"1055";"Estrada da Posse, 992 (Igreja Universal)";"45";"06:42:00.0000000";"NULL";"129";"S";"paulo.thiago";"2023-09-13 00:00:00.000"
"1056";"Estrada da Posse, 540 c/ Estrada do Lameirão (Posto de Gasolina Sete da Lira)";"45";"06:33:00.0000000";"NULL";"154";"S";"paulo.thiago";"2023-09-13 00:00:00.000"
"1058";"Estrada da Posse, 1032 (Proximo a Banca de Jornal)";"45";"06:39:00.0000000";"NULL";"129";"S";"paulo.thiago";"2023-09-13 00:00:00.000"
"1059";"Estrada da Posse, 1460 (Brizolão 233)";"45";"06:37:00.0000000";"NULL";"154";"S";"paulo.thiago";"2023-09-13 00:00:00.000"
"1061";"Estrada de Jacarepaguá Nº. 7300 c/ Volkswagem)";"55";"06:06:00.0000000";"NULL";"135";"S";"NULL";"NULL"
"1062";"Estrada de Jacarepagua nº6206 c/ Largo do Anil (Ouromil)";"55";"06:03:00.0000000";"NULL";"135";"S";"NULL";"NULL"
"1063";"Estrada de Sepetiba, 4543 c/ Av. 4 (conj. Nova Sepetiba)";"50";"06:31:00.0000000";"NULL";"157";"S";"paulo.thiago";"2024-07-30 00:00:00.000"
"1064";"Estrada de Urucânia. 936 c/ Escola Municipal Ribeiro Couto";"51";"06:55:00.0000000";"NULL";"146";"S";"paulo.thiago";"2024-03-21 00:00:00.000"
"1067";"Estrada do Cabuçu, 2390";"46";"06:16:00.0000000";"NULL";"129";"S";"paulo.thiago";"2024-04-16 00:00:00.000"
"1068";"Estrada do Cabuçu, 501  (pto de ônibus)";"46";"06:21:00.0000000";"NULL";"129";"S";"paulo.thiago";"2024-04-16 00:00:00.000"
"1069";"Estrada do Cabuçu, 1838 ";"46";"06:17:00.0000000";"NULL";"129";"S";"paulo.thiago";"2024-04-16 00:00:00.000"
"1070";"Estrada do Campinho, 1320 (Padaria Craque do Pão)";"45";"06:52:00.0000000";"NULL";"129";"S";"paulo.thiago";"2023-09-13 00:00:00.000"
"1071";"Estrada do Campinho  Nº 4766 (Esq. Rua João Comenio)";"45";"07:01:00.0000000";"NULL";"129";"N";"NULL";"NULL"
"1073";"Estrada do Campinho, 2690 (Igreja Universal)";"45";"06:55:00.0000000";"NULL";"129";"S";"paulo.thiago";"2023-09-13 00:00:00.000"
"1074";"Estrada do Campinho, 2198 ";"45";"06:53:00.0000000";"NULL";"129";"S";"paulo.thiago";"2023-09-13 00:00:00.000"
"1076";"Estrada do Campinho, 3462  (Ponto de ônibus)";"45";"06:58:00.0000000";"NULL";"129";"S";"paulo.thiago";"2023-09-13 00:00:00.000"
"1078";"Estrada do Campinho, 682 (Padaria Silber)";"47";"06:47:00.0000000";"NULL";"129";"S";"paulo.thiago";"2023-09-13 00:00:00.000"
"1080";"Estrada do Dendê C/ Hospital Stª. Maria Madalena";"64";"05:47:00.0000000";"NULL";"967";"N";"NULL";"NULL"
"1081";"Estrada do Engenho nº712 c/ Rua Severina Novais";"52";"06:44:00.0000000";"NULL";"123";"S";"NULL";"NULL"
"1084";"Estrada do Galeão Nº. 2950 (Tubarão Atacadão - Antiga Casa Show)";"64";"05:50:00.0000000";"NULL";"967";"S";"paulo.thiago";"2024-03-11 00:00:00.000"
"1086";"Estrada do Galeão Nº. 5026 (ESCOLA EAPAC)";"64";"05:52:00.0000000";"NULL";"967";"S";"NULL";"NULL"
"1087";"Estrada do Galeão Nº. 70 (Prefeitura da Aeronáutica)";"64";"05:53:00.0000000";"NULL";"967";"S";"NULL";"NULL"
"1089";"Estrada do Monteiro c/ Rua Padre Belisário";"51";"06:36:00.0000000";"NULL";"129";"S";"NULL";"NULL"
"1090";"Estrada do Monteiro, nº. 323 (Cond. Atlantis Park)";"51";"06:34:00.0000000";"NULL";"129";"S";"NULL";"NULL"
"1093";"Estrada do Tindiba Nº. 1148 (Chalé das Pedras)";"55";"06:21:00.0000000";"NULL";"159";"S";"NULL";"NULL"
"1094";"Estrada do Tingui, 220 (Ponto de Ônibus - Prox. ao Espeço Mix Viver)";"63";"06:50:00.0000000";"NULL";"129";"S";"paulo.thiago";"2024-07-10 00:00:00.000"
"1095";"Estrada do Campinho, 2796 (Estacionamento Igreja Universal)";"47";"07:00:00.0000000";"NULL";"129";"S";"paulo.thiago";"2023-09-13 00:00:00.000"
"1097";"Estrada dos Três Rios (Banco do Brasil)";"55";"06:11:00.0000000";"NULL";"135";"S";"NULL";"NULL"
"1098";"Estr. Rio São Paulo, 426 c/ Estr.  Humaitá  - Jardim Guandu";"48";"06:41:00.0000000";"NULL";"737";"S";"lilian.carre";"2024-02-16 00:00:00.000"
"1099";"Rua Luiz Beltrão nº 31 (Subway)";"52";"06:09:00.0000000";"NULL";"164";"S";"NULL";"NULL"
"1100";"Estr. Luiz de Lemos, 2314 c/ Rua Dom Sebastião Lemos (Mercado Maringá)";"53";"06:00:00.0000000";"NULL";"723";"S";"paulo.thiago";"2024-04-05 00:00:00.000"
"1103";"Estr. Marechal Alencastro, 2045 c/ Rua Japoará (Praça de Ricardo)";"53";"06:37:00.0000000";"NULL";"101";"S";"paulo.thiago";"2024-04-05 00:00:00.000"
"1104";"Estrada Padre Roser Nº 620 (Ponto de ônibus)";"60";"06:11:00.0000000";"NULL";"117";"S";"NULL";"NULL"
"1110";"Estrada Rio-São Paulo c/ Escola Amazonas";"63";"06:51:00.0000000";"NULL";"129";"S";"NULL";"NULL"
"1111";"Estrada Rio-São Paulo c/ Rua Willian Modesto (Pça Jardim Letícia)";"63";"06:55:00.0000000";"NULL";"129";"S";"NULL";"NULL"
"1112";"Estrada RJ-127 c/ Posto de Gasolina BR";"29";"06:40:00.0000000";"NULL";"909";"S";"NULL";"NULL"
"1113";"Est. do Campinho , 2462";"47";"07:02:00.0000000";"NULL";"129";"N";"lilian.carre";"2023-06-22 00:00:00.000"
"1120";"Praia de Botafogo c/ Shopping de Botafogo";"62";"05:36:00.0000000";"NULL";"13";"S";"NULL";"NULL"
"1122";"R Prefeito José de Moraes Dias c/ Av. Bahia (Prox. a Creche)";"9";"07:02:00.0000000";"00:00:00.0000000";"NULL";"S";"NULL";"NULL"
"1123";"Rua Barata Ribeiro c/ R. Miguel Lemos";"62";"05:43:00.0000000";"NULL";"15";"S";"NULL";"NULL"
"1127";"R. do Imperio nº1107 c/ R. Hermes da Silva (Conj. do Imperio)";"50";"06:49:00.0000000";"NULL";"153";"S";"NULL";"NULL"
"1128";"R. do Império Nº. 660 c/ Vala do Sangue ";"50";"06:47:00.0000000";"NULL";"153";"S";"NULL";"NULL"
"1129";"Estr. do Magarça, nº362 c/ R. Campo Formoso (Posto Shell)";"50";"05:50:00.0000000";"NULL";"139";"N";"NULL";"NULL"
"1136";"R. Macapá c/ R. Manoel Julio (Padaria)";"50";"06:41:00.0000000";"NULL";"153";"N";"NULL";"NULL"
"1137";"R. Washington, 1 Referência - Refrigeração Automotiva";"52";"07:13:00.0000000";"NULL";"224";"N";"roberto.silva";"2023-07-31 00:00:00.000"
"1139";"R. Praia de Sepetiba c/ R. Dr. Marinho";"50";"06:22:00.0000000";"NULL";"157";"S";"paulo.thiago";"2025-01-13 00:00:00.000"
"1140";"R. Praia de Sepetiba c/ R. Iate ou Camargo ";"50";"06:24:00.0000000";"NULL";"157";"S";"NULL";"NULL"
"1141";"R. Praia de Sepetiba Nº. 1528 c/ Travessa da Floresta";"50";"06:20:00.0000000";"NULL";"157";"S";"NULL";"NULL"
"1144";"R. Senador Câmara c/ R. Francisco Belisário (Em frente a Auto Escola Cristal)";"50";"06:53:00.0000000";"NULL";"153";"S";"NULL";"NULL"
"1146";"RJ-014 (Cemitério)";"57";"07:12:00.0000000";"NULL";"1004";"S";"NULL";"NULL"
"1153";"RJ-099 , 1778";"48";"07:12:00.0000000";"NULL";"224";"S";"lilian.carre";"2023-06-21 00:00:00.000"
"1180";"Rod. Rio Santos c/ Hotel Charles";"57";"07:22:00.0000000";"NULL";"235";"S";"NULL";"NULL"
"1181";"Rod. Rio Santos nº259 c/ KM 20 ";"57";"07:24:00.0000000";"NULL";"235";"S";"NULL";"NULL"
"1182";"Rod. Rio Santos c/ R. Jonas de Castro (Posto Ipiranga)";"60";"07:22:00.0000000";"NULL";"223";"S";"paulo.thiago";"2024-01-12 00:00:00.000"
"1183";"Rod. Rio Santos c/ Trevo da Nuclep";"57";"07:30:00.0000000";"NULL";"223";"S";"NULL";"NULL"
"1184";"Rod. Rio Santos c/ Ponto de Ônibus (Drogaria Bragança)";"57";"06:23:00.0000000";"NULL";"305";"S";"NULL";"NULL"
"1185";"Rod. Rio Santos c/ Trevo de Coroa Grande";"57";"07:20:00.0000000";"NULL";"227";"S";"NULL";"NULL"
"1188";"Rod. Rio Santos c/ Dom Zellitus";"60";"07:20:00.0000000";"NULL";"228";"S";"paulo.thiago";"2024-01-12 00:00:00.000"
"1189";"Rod. Washington Luiz nº106 c/ Passarela Stª. Cruz da Serra";"63";"05:35:00.0000000";"NULL";"780";"S";"NULL";"NULL"
"1191";"Rod. Washington Luiz c/ Churrascaria Três Marias (Passarela)";"63";"05:50:00.0000000";"NULL";"765";"S";"NULL";"NULL"
"1198";"Rodovia Rio Santos Nº4452 c/ PRF";"57";"06:06:00.0000000";"NULL";"309";"S";"NULL";"NULL"
"1200";"Rodovia Rio-Santos com Rua Visconde de Cairu, 8 (Casa de Fogos Stº. Antônio)";"45";"07:16:00.0000000";"NULL";"229";"S";"paulo.thiago";"2023-09-13 00:00:00.000"
"1201";"Rod. Washington Luiz c/ Posto Bravo";"63";"05:45:00.0000000";"NULL";"757";"S";"NULL";"NULL"
"1208";"Rua Alfredo de Morais c/ Churrascaria Brasas Grill";"51";"06:39:00.0000000";"NULL";"129";"S";"NULL";"NULL"
"1211";"Rua Severiano Chagas, 47";"46";"06:50:00.0000000";"NULL";"153";"S";"paulo.thiago";"2024-04-16 00:00:00.000"
"1213";"Rua Ângelo Dantas Nº. 69 c/ Hotel Classic";"54";"06:26:00.0000000";"NULL";"46";"S";"NULL";"NULL"
"1214";"Rua Antônio Marins Oliveira c/ Rua Dr. Luiz Sobral (Praça)";"49";"06:17:00.0000000";"NULL";"659";"S";"NULL";"NULL"
"1215";"Rua Aquidabã  Nº. 965 (Hospital Carmela Dutra)";"54";"05:56:00.0000000";"NULL";"81";"N";"NULL";"NULL"
"1217";"Rua Aricuri, 1766 c/ Rua São Basílio (Próximo ao Bazar Central)";"45";"06:49:00.0000000";"NULL";"129";"S";"paulo.thiago";"2023-09-13 00:00:00.000"
"1218";"Rua Arthur Rios, 126 (Detran)";"47";"06:35:00.0000000";"NULL";"129";"S";"paulo.thiago";"2023-09-13 00:00:00.000"
"1219";"Rua Arthur Rios, 1270";"47";"06:37:00.0000000";"NULL";"129";"S";"paulo.thiago";"2023-09-13 00:00:00.000"
"1220";"Rua Arthur Rios, 1698 (próximo ao Hipertintas)";"47";"06:39:00.0000000";"NULL";"129";"S";"paulo.thiago";"2023-09-13 00:00:00.000"
"1226";"Rua Aurélio Figueiredo próximo ao 114-330 (Marrafas Bike)";"46";"06:22:00.0000000";"NULL";"129";"S";"roberto.silva";"2023-07-28 00:00:00.000"
"1230";"Rua Barão c/ Praça Seca (Loja da Nextel)";"52";"06:06:00.0000000";"NULL";"150";"N";"NULL";"NULL"
"1231";"Rua Barão de Mesquita c/  Rua São Francisco Xavier nº 313";"56";"06:07:00.0000000";"NULL";"78";"S";"NULL";"NULL"
"1232";"Rua Barão de Mesquita c/ Rua José Vicente (Largo do Verdun) ";"56";"05:53:00.0000000";"NULL";"64";"S";"NULL";"NULL"
"1233";"Rua Barão de Mesquita c/ Rua Uruguai (Padaria)";"56";"05:57:00.0000000";"NULL";"109";"S";"NULL";"NULL"
"1234";"Rua Barão de São Francisco, nº350 c/ Rua Barão de Cotegipe";"56";"05:47:00.0000000";"NULL";"118";"S";"NULL";"NULL"
"1235";"Rua Barão de São Francisco nº182 c/ Rua Barão de Vassouras";"56";"05:50:00.0000000";"NULL";"118";"S";"NULL";"NULL"
"1237";"Rua Barata Ribeiro c/ R. Raimundo Corrêa (Hotel Royalty Rio)";"62";"05:41:00.0000000";"NULL";"15";"S";"NULL";"NULL"
"1238";"Rua Barata Ribeiro c/ Rua Ronald de Carvalho";"62";"05:38:00.0000000";"NULL";"15";"S";"NULL";"NULL"
"1240";"Rua Bernardo de Vasconcelos Nº331 c/ Rua da Imperatriz ";"52";"06:30:00.0000000";"NULL";"151";"S";"NULL";"NULL"
"1241";"Rua Bernardo de Vasconcelos c/ Rua Lomas Valentina (Posto Terrana)";"52";"06:31:00.0000000";"NULL";"147";"S";"NULL";"NULL"
"1245";"Rua Borja Reis Nº. 65 (Hotel Sweet lord)";"54";"05:53:00.0000000";"NULL";"81";"N";"NULL";"NULL"
"1247";"Rua Cachambi Nº. 344 (Ponto de ônibus)";"54";"06:11:00.0000000";"NULL";"44";"S";"NULL";"NULL"
"1248";"Rua Cairuçu Nº 284";"52";"06:11:00.0000000";"NULL";"164";"S";"NULL";"NULL"
"1250";"Rua Campo Grande Nº2898 c/ Rua Levino Fânzeres ";"51";"06:44:00.0000000";"NULL";"129";"S";"NULL";"NULL"
"1252";"Rua Campo Grande Nº. 2104 (Conj. Capemi)";"51";"06:42:00.0000000";"NULL";"129";"S";"NULL";"NULL"
"1256";"Rua Cilon Cunha Brum, 560 c/ CIEP Alberto Pasqualini [22°54'47.1""S 43°39'21.0""W]";"51";"06:58:00.0000000";"NULL";"153";"S";"paulo.thiago";"2024-10-30 00:00:00.000"
"1257";"Rua Cilon Cunha Brum, nº34 c/ Escola João Corrêa (Conj. Urucânia)";"51";"06:57:00.0000000";"NULL";"153";"S";"NULL";"NULL"
"1258";"Rua Cilon Cunha Brum c/ Estr. boa Esperança (Ultragás)";"51";"07:00:00.0000000";"NULL";"153";"S";"NULL";"NULL"
"1260";"Rua Conde de Bonfim nº369 (Ponto de ônibus-Banco do Brasil)";"56";"06:03:00.0000000";"NULL";"109";"S";"roberto.silva";"2023-08-08 00:00:00.000"
"1267";"Rua Uranos c/ Rua Dr. Noguchi (Ponto de ônibus Prox. Passarela)";"60";"05:53:00.0000000";"NULL";"98";"S";"NULL";"NULL"
"1271";"Rua Estácio de Sá c Rua Maia de Lacerda (Posto Esso)";"56";"06:15:00.0000000";"NULL";"6";"N";"NULL";"NULL"
"1272";"Rua Felipe Cardoso, 1831 c/ Estação do BRT Cajueiros [22°55'51.2""S 43°40'23.8""W]";"59";"06:51:00.0000000";"NULL";"153";"S";"paulo.thiago";"2024-10-30 00:00:00.000"
"1273";"Rua Felipe Cardoso c/ Hiper Mercado Guanabara";"59";"06:55:00.0000000";"NULL";"153";"S";"NULL";"NULL"
"1278";"Rua Guarujá, 14 (Vergalhão Ferramentas)";"51";"06:49:00.0000000";"NULL";"140";"S";"paulo.thiago";"2024-07-12 00:00:00.000"
"1279";"Rua Guarujá nº351 c/ Estação de Cosmos";"51";"06:52:00.0000000";"NULL";"132";"S";"NULL";"NULL"
"1280";"Rua Guaruja c/ Rua Armando Carneiro Monteiro ";"51";"06:53:00.0000000";"NULL";"132";"S";"NULL";"NULL"
"1282";"Rua Haddock Lobo c/ Rua do Matoso";"56";"06:13:00.0000000";"NULL";"109";"S";"NULL";"NULL"
"1285";"Rua João Vicente 590 (Estação de Oswaldo Cruz)";"54";"06:33:00.0000000";"NULL";"84";"S";"NULL";"NULL"
"1286";"Rua João Vicente Nº. 175 (Colégio Santa Mônica)";"54";"06:28:00.0000000";"NULL";"76";"S";"NULL";"NULL"
"1287";"Rua Lopo Saraiva Nº. 138 (Ponto de Ônibus)";"55";"06:20:00.0000000";"NULL";"148";"S";"NULL";"NULL"
"1295";"Rua Maranhão Nº. 570 (Ponto de Ônibus)";"54";"05:54:00.0000000";"NULL";"81";"N";"NULL";"NULL"
"1296";"Rua Marechal José Beviláqua c/ Rua André Rocha (UPA)";"55";"06:23:00.0000000";"NULL";"159";"S";"NULL";"NULL"
"1305";"Rua Piraquara Nº. 100 (Mat. construção Imperador)";"52";"06:28:00.0000000";"NULL";"151";"S";"NULL";"NULL"
"1306";"Rua Piraquara Nº. 879 (P. ônibus)";"52";"06:26:00.0000000";"NULL";"151";"S";"NULL";"NULL"
"1307";"Rua Prudente de Morais, 1440 c/ Rua Aníbal de Mendonça (Ponto de Ônibus)";"62";"05:50:00.0000000";"NULL";"21";"S";"paulo.thiago";"2024-02-02 00:00:00.000"
"1309";"Rua Rio da Prata, 548";"47";"06:15:00.0000000";"NULL";"123";"S";"paulo.thiago";"2023-09-13 00:00:00.000"
"1310";"Rua Raul Pompéia c/ Rua Júlio de Castilhos";"62";"05:45:00.0000000";"NULL";"15";"S";"NULL";"NULL"
"1314";"Rua Santa Fé Nº. 62 ( Corpo de Bombeiros)";"54";"06:07:00.0000000";"NULL";"81";"S";"NULL";"NULL"
"1315";"Av. Brasil Passarela 07";"56";"06:30:00.0000000";"NULL";"77";"S";"roberto.silva";"2023-07-31 00:00:00.000"
"1316";"Rua São Francisco Xavier, nº2 c/ Rua Conde de Bonfim";"56";"06:11:00.0000000";"NULL";"109";"S";"NULL";"NULL"
"1317";"Rua São Francisco Xavier esquina com Lafayete Cortes";"56";"06:09:00.0000000";"NULL";"78";"S";"NULL";"NULL"
"1320";"Rua Senador Câmara c/ Farmacia Pacheco Nº. 74 ";"46";"06:54:00.0000000";"NULL";"153";"N";"NULL";"NULL"
"1322";"Rua Tibagi, 627";"47";"06:19:00.0000000";"NULL";"123";"S";"paulo.thiago";"2023-09-13 00:00:00.000"
"1323";"Rua Tirol c/ Rua Antônio Cordeiro";"55";"06:09:00.0000000";"NULL";"135";"S";"NULL";"NULL"
"1326";"Rua Ubatuba c/ Estação de Guilherme da Silveira";"52";"06:36:00.0000000";"NULL";"147";"S";"NULL";"NULL"
"1327";"Rua Ubatuba c/ Estação de Padre Miguel";"52";"06:33:00.0000000";"NULL";"147";"S";"NULL";"NULL"
"1328";"Rua Uranos c/ Rua Delfim Carlos (Prox. Instituto 15 de janeiro)";"60";"05:55:00.0000000";"NULL";"83";"N";"NULL";"NULL"
"1329";"Rua Uruguai c/ Rua General Espírito Santo Cardoso (ASSAI)";"56";"05:59:00.0000000";"NULL";"109";"S";"NULL";"NULL"
"1330";"Rua Vinte e Cinco de Agosto c/ R. Sete de Setembro (Maternidade de Xerém)";"63";"05:25:00.0000000";"NULL";"786";"S";"NULL";"NULL"
"1334";"04 - Nova Iguaçu; R. Dr. Curvelo Cavalcante c/ R. Leia Cabral da Cunha (banco Bradesco)";"48";"07:02:00.0000000";"17:02:00.0000000";"NULL";"S";"NULL";"NULL"
"1342";"teste";"56";"23:55:00.0000000";"NULL";"NULL";"S";"NULL";"NULL"
"1345";"Estrada da Posse c/ Clínica da Família(trevo Santíssimo)";"45";"06:25:00.0000000";"NULL";"129";"N";"NULL";"NULL"
"1347";"Av. Glicínia, 451";"46";"06:15:00.0000000";"NULL";"129";"S";"paulo.thiago";"2024-04-16 00:00:00.000"
"1348";"Rua dos Limadores, 159";"47";"06:22:00.0000000";"NULL";"123";"S";"paulo.thiago";"2023-09-13 00:00:00.000"
"1349";"Estr. do Campinho 2726 (Igreja Universal)";"47";"07:00:00.0000000";"NULL";"129";"N";"NULL";"NULL"
"1350";"Estr. da Cachamorra Nº 440 (Ponto de ônibus)";"51";"06:17:00.0000000";"NULL";"129";"S";"NULL";"NULL"
"1353";"R. do Império nº740 c/ R. da Verdade(P. ônibus)";"50";"06:51:00.0000000";"NULL";"153";"S";"NULL";"NULL"
"1354";"R. do Império nº414 c/ Cel. Teixeira Santos (Nacionalgás)";"50";"06:52:00.0000000";"NULL";"153";"S";"NULL";"NULL"
"1355";"Av. Pe. Guilherme Decaminada c/ Lote 14 (P. ônibus - Condomínio Parque recanto verde)";"50";"06:55:00.0000000";"NULL";"153";"S";"paulo.thiago";"2024-06-10 00:00:00.000"
"1358";"Av. Caravellas - Rodoviária de Angra";"57";"05:55:00.0000000";"NULL";"296";"S";"NULL";"NULL"
"1359";"Trevo de Angra dos Reis";"57";"05:58:00.0000000";"NULL";"296";"S";"NULL";"NULL"
"1360";"Rodovia Rio Santos c/ Ponto de Ônibus (Drogaria Bragança)";"57";"06:23:00.0000000";"NULL";"305";"N";"NULL";"NULL"
"1362";"Rod. Rio Santos em frente Delegacia - Pardal";"57";"06:45:00.0000000";"NULL";"239";"S";"lilian.carre";"2023-06-22 00:00:00.000"
"1364";"Rod. Rio Santos Km 423 (Cond. Reserva Ecol. do Sahy)";"57";"06:48:00.0000000";"NULL";"238";"S";"NULL";"NULL"
"1365";"Rod. Rio Santos 426 (Ponto Antes DPO)";"57";"06:51:00.0000000";"NULL";"238";"S";"NULL";"NULL"
"1366";"Posto de Gasolina ALE";"57";"07:02:00.0000000";"NULL";"195";"S";"NULL";"NULL"
"1370";"RJ-106 - Amaral Peixoto (Frente Posto Shell - KM 27)";"65";"04:55:00.0000000";"NULL";"4";"N";"NULL";"NULL"
"1371";"Av. Eugênio Borges c/ Hotel Carinhoso";"65";"05:15:00.0000000";"NULL";"4";"N";"NULL";"NULL"
"1372";"Av. Eugênio Borges c/ R. Dalva Raposo (Lanchonete)";"65";"05:23:00.0000000";"NULL";"4";"N";"NULL";"NULL"
"1373";"Av. Eugênio Borges Nº 269 c/ Estr. Velha de Maricá (Loja Mais Você)";"65";"05:24:00.0000000";"NULL";"199";"N";"NULL";"NULL"
"1375";"Av. Ewerton de C. Xavier c/ Rua Trinta e Um";"65";"05:38:00.0000000";"NULL";"186";"S";"NULL";"NULL"
"1376";"Av. Ewerton de C. Xavier c/ Shopping Ibiza";"65";"05:40:00.0000000";"NULL";"186";"S";"NULL";"NULL"
"1377";"Estr. Francisco da Cruz Nunes, em frente ao Banco Bradesco";"65";"05:45:00.0000000";"NULL";"186";"S";"paulo.thiago";"2023-12-19 00:00:00.000"
"1378";"Estr. Pacheco de Carvalho c/ Policlínica Regional da Largo da Batalha";"65";"05:55:00.0000000";"NULL";"182";"N";"NULL";"NULL"
"1379";"Av. Roberto Silveira c/ Rua 05 de Julho";"65";"06:05:00.0000000";"NULL";"182";"S";"NULL";"NULL"
"1380";"Av. Roberto Silveira, 123 (Estádio Caio Martins)";"65";"06:08:00.0000000";"NULL";"182";"S";"paulo.thiago";"2023-12-19 00:00:00.000"
"1381";"Av. Roberto Silveira, 9 c/ Posto Shell";"65";"06:09:00.0000000";"NULL";"182";"S";"paulo.thiago";"2023-12-19 00:00:00.000"
"1382";"R. Borja Reis 683 (Ponto de Ônibus)";"54";"05:52:00.0000000";"NULL";"81";"S";"NULL";"NULL"
"1383";"R. Pedro de Carvalho Nº 691 (P. ônibus)";"54";"05:58:00.0000000";"NULL";"81";"N";"NULL";"NULL"
"1384";"R. João Vicente (Estação Marechal Hermes)";"54";"06:37:00.0000000";"NULL";"79";"S";"NULL";"NULL"
"1385";"Rua Marquês de Paraná c/ Rua Pastor Manoel A. Souza";"65";"06:10:00.0000000";"NULL";"182";"S";"NULL";"NULL"
"1386";"Av. Jansen de Melo, 360 c/ Posto Ypiranga (Touring)";"65";"06:15:00.0000000";"NULL";"182";"S";"paulo.thiago";"2023-12-19 00:00:00.000"
"1388";"R. Baronesa nº694 c/ Pç. Barão Taquara (CAIXA)";"52";"06:03:00.0000000";"NULL";"150";"N";"NULL";"NULL"
"1391";"Rod. Washington Luiz c/ Prefeitura (Pista descida)";"63";"05:40:00.0000000";"NULL";"780";"S";"NULL";"NULL"
"1392";"Rod. Washington Luiz c/ Posto BR (KM-4)";"63";"05:56:00.0000000";"NULL";"784";"S";"NULL";"NULL"
"1393";"Avenida Brasil c/ Passarela da Cidade Alta";"63";"06:05:00.0000000";"NULL";"54";"S";"NULL";"NULL"
"1394";"Av. Três de Outubro , 439 c/ Rua Pref. Bulcão Viana (Boa Vista Veículos - P. Ônibus)";"61";"05:22:00.0000000";"NULL";"512";"S";"lilian.carre";"2023-06-22 00:00:00.000"
"1395";"R. Domingos Mariano nº 391";"61";"05:25:00.0000000";"NULL";"435";"S";"roberto.silva";"2023-07-31 00:00:00.000"
"1396";"Av. Joaquim Leite nº117 c/ Rodoviária (Igreja Universal)";"61";"05:29:00.0000000";"NULL";"512";"N";"NULL";"NULL"
"1397";"R. Ari Fontenelle Nº 57 (AMPM PNEUS)";"61";"05:30:00.0000000";"NULL";"436";"N";"NULL";"NULL"
"1398";"Rod. Dr. Sergio Braga c/ Sesi";"61";"05:32:00.0000000";"NULL";"415";"N";"NULL";"NULL"
"1399";"Rod. Dr. Sergio Braga c/ Entrada Vila Elmira";"61";"05:35:00.0000000";"NULL";"511";"N";"NULL";"NULL"
"1400";"Rod. Dr. Sergio Braga c/ Nº 951 Mercado Nagumo";"61";"05:38:00.0000000";"NULL";"360";"S";"NULL";"NULL"
"1401";"Rod. Dr. Sergio Braga c/ Passarela da CSN (P. ônibus)";"61";"05:39:00.0000000";"NULL";"349";"S";"lilian.carre";"2024-12-12 00:00:00.000"
"1402";"Praça Juarez Antunes c/ Prédio da CSN";"61";"05:40:00.0000000";"NULL";"405";"S";"NULL";"NULL"
"1403";"Av. Dr. Nelson dos Santos Gonçalves c/ Assembleia de Deus Ministério de Madureira (Praça)";"61";"05:42:00.0000000";"NULL";"405";"S";"lilian.carre";"2023-06-29 00:00:00.000"
"1404";"Rod. dos Metalúrgicos c/ Hospital São João Batista";"61";"05:45:00.0000000";"NULL";"406";"S";"lilian.carre";"2023-06-22 00:00:00.000"
"1405";"Rod. dos Metalúrgicos c/ Viação Agulhas Negras";"61";"05:48:00.0000000";"NULL";"361";"S";"NULL";"NULL"
"1406";"Praça Oscar Rodrigues Cardoso (Jardim Tiradentes - P. de ônibus)";"61";"05:50:00.0000000";"NULL";"361";"S";"lilian.carre";"2023-06-23 00:00:00.000"
"1407";"Rod. dos Metalúrgicos c/ Vila Rica (P. ônibus após rotatória Club de Volta Redonda)";"61";"05:51:00.0000000";"NULL";"404";"S";"lilian.carre";"2023-06-22 00:00:00.000"
"1408";"Rodoviária de Piraí";"61";"06:30:00.0000000";"NULL";"1003";"S";"NULL";"NULL"
"1409";"Pista de Descida da Rod. Pres. Dutra (Viaduto do Cabral - Entrada Paracambi)";"61";"07:05:00.0000000";"NULL";"922";"S";"roberto.silva";"2023-07-31 00:00:00.000"
"1417";"Estr. do Galeão c/ Av. Maestro Paulo e Silva (ASSAI)";"64";"05:49:00.0000000";"NULL";"967";"S";"NULL";"NULL"
"1418";"Av. Ayrton Senna c/ Garagem Transturismo";"58";"07:05:00.0000000";"NULL";"244";"N";"NULL";"NULL"
"1419";"Avenida Pref. Isoldackson Cruz de Brito, 1046 c/ R. Joaquim Ferreira da Costa (Churrascaria 2 Amigos) [22°52'09.8""S 43°47'28.4""W]";"58";"07:13:00.0000000";"NULL";"244";"S";"paulo.thiago";"2024-07-30 00:00:00.000"
"1420";"RJ-99 Lt 3 Qd 4 c/ R. 3 (Antes da linha do trem)";"58";"07:15:00.0000000";"NULL";"244";"S";"NULL";"NULL"
"1421";"Estr. Coronel Pedro Correia, nº74 c/ Posto Shell";"55";"05:43:00.0000000";"NULL";"124";"S";"thiago.luz";"2024-09-18 00:00:00.000"
"1422";"R. Tirol nº606 c/ R. Comandante Rubens Silva";"55";"06:10:00.0000000";"NULL";"135";"S";"NULL";"NULL"
"1423";"R. Bacairis c/ R. Apiacás (Ótica Nogueira)";"55";"06:25:00.0000000";"NULL";"159";"S";"NULL";"NULL"
"1424";"Estr. do Tindiba c/ R. Caituba (P. ônibus prox. CAIXA)";"55";"06:27:00.0000000";"NULL";"159";"S";"NULL";"NULL"
"1426";"Avenida Automóvel Clube,1333 (Batalhão da Polícia Militar de Vilar dos Telles)";"49";"06:00:00.0000000";"NULL";"964";"S";"paulo.thiago";"2024-03-21 00:00:00.000"
"1427";"R. São João Batista Nº562 c/ Igreja Universal";"49";"06:06:00.0000000";"NULL";"964";"S";"NULL";"NULL"
"1428";"R. Gessyr Gonçalves Fontes c/ Praça da Matriz";"49";"06:10:00.0000000";"NULL";"964";"S";"NULL";"NULL"
"1429";"R. Matriz c/ Pç. Coelho da Rocha";"49";"06:23:00.0000000";"NULL";"964";"S";"NULL";"NULL"
"1430";"Av. Benjamim Pinto Dias, 794";"49";"06:27:00.0000000";"NULL";"521";"S";"lilian.carre";"2023-07-03 00:00:00.000"
"1431";"Av. José Mariano Passos, 1725 (Padaria) [22°45'36.9""S 43°24'14.7""W]";"49";"06:32:00.0000000";"NULL";"521";"S";"paulo.thiago";"2024-10-30 00:00:00.000"
"1432";"Av. José Mariano Passos c/ Supermercados Bergs";"49";"06:32:00.0000000";"NULL";"521";"N";"NULL";"NULL"
"1433";"Rod. Pres. Dutra Nº. 13280 (Honda Veículos)";"49";"06:38:00.0000000";"NULL";"717";"S";"NULL";"NULL"
"1434";"Rod. Pres. Dutra c/ Rio Sampa";"49";"06:42:00.0000000";"NULL";"699";"S";"NULL";"NULL"
"1435";"Rod. Pres. Dutra, 3543 (Túnel do Rancho Novo - Próx. Av. Nilo Peçanha) [22°44'59.5""S 43°26'27.4""W]";"49";"06:43:00.0000000";"NULL";"699";"S";"paulo.thiago";"2024-07-16 00:00:00.000"
"1436";"Rod. Pres. Dutra c/ Viaduto da Posse";"49";"06:45:00.0000000";"NULL";"699";"S";"NULL";"NULL"
"1437";"Rodovia Presidente Dura sentido São Paulo frente CIEP 117 Carlos Drumond de Andrade";"49";"06:47:00.0000000";"NULL";"699";"S";"NULL";"NULL"
"1438";"Rod. Pres. Dutra c/ Entrada Cacuia após Saída 183";"49";"06:52:00.0000000";"NULL";"683";"S";"NULL";"NULL"
"1439";"Rod. Pres. Dutra Próximo Ao 978-1098 (Flancar de Iguaçu Veículos e Locações) [22°44'39.0""S 43°30'33.8""W]";"49";"06:55:00.0000000";"NULL";"683";"S";"paulo.thiago";"2024-08-29 00:00:00.000"
"1440";"Rod. Pres. Dutra c/ Ponto próximo a EDURIC";"49";"06:53:00.0000000";"NULL";"683";"S";"paulo.thiago";"2024-08-29 00:00:00.000"
"1441";"Av. Olegário Dias, 2 - 70 (Lanchonete Marajora) [22°43'46.3""S 43°33'50.9""W]";"49";"06:56:00.0000000";"NULL";"845";"S";"paulo.thiago";"2024-09-02 00:00:00.000"
"1444";"Autoestrada Lagoa-Barra c/ S. Conrado Fashion Mall";"59";"05:45:00.0000000";"NULL";"28";"N";"NULL";"NULL"
"1447";"Rua Barão de Mesquita, 777";"56";"05:52:00.0000000";"NULL";"109";"S";"NULL";"NULL"
"1448";"R. Doutor Continentino, 853 c/ R. Felipe Cardoso (Novolks)";"46";"06:48:00.0000000";"NULL";"153";"S";"paulo.thiago";"2024-04-16 00:00:00.000"
"1449";"Avenida Governador Leonel de Moura Brizola, 3133 (Passarela Cemitério do corte 8)";"58";"06:05:00.0000000";"NULL";"756";"S";"paulo.thiago";"2024-11-05 00:00:00.000"
"1450";"Rua Cameron c/ Estr. Velha do Iguaçu";"53";"05:55:00.0000000";"NULL";"723";"N";"NULL";"NULL"
"1451";"Av. Carlos Marques Rollo, 1014 c/ Rua Lampadosa (Esq. Padaria)";"53";"06:10:00.0000000";"NULL";"723";"S";"paulo.thiago";"2024-04-05 00:00:00.000"
"1453";"R. Cacequi c/ R. Camaquã";"60";"06:03:00.0000000";"NULL";"43";"S";"NULL";"NULL"
"1457";"Rua Barata Ribeiro c/ Praça Inhangá, Nº. 89";"62";"05:39:00.0000000";"NULL";"15";"S";"NULL";"NULL"
"1458";"Rua Treze - Gleba A c/ Rua Oito ";"29";"07:30:00.0000000";"NULL";"226";"S";"NULL";"NULL"
"1459";"Rua Dezesseis nº722 c/ Rua Dezessete ";"29";"07:26:00.0000000";"NULL";"226";"N";"NULL";"NULL"
"1460";"Rua Oito c/ Rua Um (Prox. Brizolão)";"29";"07:32:00.0000000";"NULL";"226";"S";"NULL";"NULL"
"1461";"Rua das Rosas c/ Rua das Camélias";"29";"07:35:00.0000000";"NULL";"233";"S";"NULL";"NULL"
"1462";"Rod. Rio-Santos, 2320-2454 c/ Estrada de Chaperó (Antigo Posto Sagário)";"60";"07:15:00.0000000";"NULL";"1502";"S";"paulo.thiago";"2024-01-12 00:00:00.000"
"1463";"Estr. do Mazomba c/ Assembleia de Deus";"29";"07:10:00.0000000";"NULL";"233";"S";"NULL";"NULL"
"1466";"Estr. Rio-São Paulo c/ Rua Cyrios (Ponto de ônibus)";"48";"06:39:00.0000000";"NULL";"712";"N";"NULL";"NULL"
"1470";"Estr. Francisco da Cruz Nunes, em frente ao 12º BPM";"65";"05:46:00.0000000";"NULL";"170";"S";"paulo.thiago";"2023-12-19 00:00:00.000"
"1471";"Estr. do Mazomba c/ Conjunto Sto. Antônio";"29";"07:11:00.0000000";"NULL";"233";"S";"NULL";"NULL"
"1472";"Estr. do Mazomba c/ R. Vinte e Nove (Super Rede)";"29";"07:12:00.0000000";"NULL";"233";"S";"NULL";"NULL"
"1473";"Estr. do Monteiro nº 955 (Marphisa Auto Peças)";"51";"06:28:00.0000000";"NULL";"129";"S";"NULL";"NULL"
"1474";"Estr. do Mato Alto c/ Rua Irlando Regis (Posto BR)";"51";"06:23:00.0000000";"NULL";"129";"S";"NULL";"NULL"
"1475";"Estr. do Mato Alto c/ Comlurb (Ponto de Onibus)";"51";"06:25:00.0000000";"NULL";"129";"S";"NULL";"NULL"
"1476";"Rua João Vicente 1121 (Estação Bento Ribeiro ? Ponto de ônibus)";"54";"06:35:00.0000000";"NULL";"41";"S";"NULL";"NULL"
"1477";"Rod. Presidente Dutra (após entrada de Roma 1)";"61";"06:05:00.0000000";"NULL";"383";"S";"NULL";"NULL"
"1478";"Rua Emídio Lemos c/ Nº. 416 (Colégio Cenec)";"29";"07:00:00.0000000";"NULL";"1001";"S";"lilian.carre";"2024-04-11 00:00:00.000"
"1479";"Rua Rosaria Loureiro c/ Nº. 228 (Posto Ipiranga)";"29";"07:00:00.0000000";"NULL";"1001";"S";"lilian.carre";"2024-04-11 00:00:00.000"
"1481";"R. Washington, 1 Referência - Refrigeração Automotiva";"52";"07:14:00.0000000";"NULL";"224";"S";"NULL";"NULL"
"1482";"Estr. de Jacarepaguá c/ 1º ponto após o retorno";"55";"06:00:00.0000000";"NULL";"135";"S";"NULL";"NULL"
"1483";"Rod. Pres. Dutra c/ 1 ponto antes do pedágio (Mercearia Amor de Mãe)";"29";"06:50:00.0000000";"NULL";"NULL";"S";"NULL";"NULL"
"1484";"Rod. Pres. Dutra c/ 1 Ponto Antes do Pedágio";"29";"06:35:00.0000000";"NULL";"1007";"S";"NULL";"NULL"
"1485";"Avenida dos Mananciais, nº771 c/ Estrada da Soca ( Apenas embarque)";"55";"06:30:00.0000000";"NULL";"159";"S";"NULL";"NULL"
"1486";"Avenida das Américas c/ Colégio Bahiense";"59";"06:07:00.0000000";"NULL";"124";"S";"NULL";"NULL"
"1488";"Rua Conde de Bonfim c/ Rua Itacuruça (Metrô Uruguai B)";"56";"06:01:00.0000000";"NULL";"109";"N";"NULL";"NULL"
"1489";"Rua Aricuri próximo ao 678 (Praça do Magali)";"45";"06:47:00.0000000";"NULL";"129";"S";"roberto.silva";"2023-07-28 00:00:00.000"
"1491";"MEIOS PRÓPRIOS";"40";"23:50:00.0000000";"NULL";"NULL";"S";"NULL";"NULL"
"1492";"Av. Albérico Diniz c/ Centro educacional Pinheiro Ramos";"55";"06:42:00.0000000";"NULL";"143";"S";"NULL";"NULL"
"1493";"Av. Niemeyer, 925 (Cond. Praia das Conchas)";"59";"05:43:00.0000000";"NULL";"28";"N";"NULL";"NULL"
"1496";"Estr. do Curtume c/ Colégio José Maria de Brito";"41";"07:00:00.0000000";"NULL";"1005";"S";"NULL";"NULL"
"1497";"Estr. do Curtume c/ Bar do Malaquias";"41";"07:02:00.0000000";"NULL";"1005";"S";"NULL";"NULL"
"1498";"Avenida Francisco Bicalho c/ Abaixo do Viaduto da Linha vermelha";"56";"06:19:00.0000000";"NULL";"1006";"S";"NULL";"NULL"
"1499";"Avenida das Américas c/ BRT DOM BOSCO";"59";"06:25:00.0000000";"NULL";"152";"S";"NULL";"NULL"
"1501";"Estrada do Campinho, 7120 (Estr. de Paciência (Pto de ônibus))";"45";"07:04:00.0000000";"NULL";"129";"S";"paulo.thiago";"2023-09-13 00:00:00.000"
"1503";"Estr. do Magarça Nº 1870 (Cond. Caminho do Park)";"50";"05:53:00.0000000";"NULL";"139";"N";"NULL";"NULL"
"1504";"Estr. São Tarcísio, nº121 c/ Travessa Jose Florentino";"50";"06:25:00.0000000";"NULL";"157";"S";"NULL";"NULL"
"1505";"Estr. Aterrado do Leme Nº 99 (Salão de festas Eloa)";"51";"07:01:00.0000000";"NULL";"153";"S";"NULL";"NULL"
"1507";"Rua Prudente de Morais c/ R. Maria Quitéria (Everest Rio Hotel)";"62";"05:49:00.0000000";"NULL";"NULL";"S";"NULL";"NULL"
"1508";"Rua Prudente de Morais c/ R. Maria Quiteria (Everest Rio Hotel)";"62";"05:49:00.0000000";"NULL";"21";"S";"NULL";"NULL"
"1510";"Estr. do Timbó c/ Av. Itaóca (Prezunic)";"60";"05:48:00.0000000";"NULL";"42";"S";"NULL";"NULL"
"1511";"R. Euzébio de Almeida,1645 (P.ônibus após IGUI piscinas)";"55";"06:40:00.0000000";"NULL";"143";"S";"NULL";"NULL"
"1512";"Rua Quatorze c/ Escola Municipal Sylvia Souza Siquineli ";"29";"07:20:00.0000000";"NULL";"226";"S";"NULL";"NULL"
"1513";"Avenida Brasil c/ Posto Shell (DEODORO)";"60";"06:30:00.0000000";"NULL";"134";"S";"NULL";"NULL"
"1514";"Rodovia Amaral Peixoto Km 15 c/ Supermercado Multimarket";"65";"05:05:00.0000000";"NULL";"957";"N";"NULL";"NULL"
"1515";"Estrada da Pedra c/ Estrada da Fita (JLV Gesso)";"59";"06:49:00.0000000";"NULL";"139";"S";"paulo.thiago";"2023-12-08 00:00:00.000"
"1516";"Estrada do Campinho, 6246 (E.M. Francisco Jose de Moraes)					";"45";"07:03:00.0000000";"NULL";"129";"S";"paulo.thiago";"2023-09-13 00:00:00.000"
"1517";"Estr. Lagoa Nova / Prox. a Estr. do Caçador";"29";"06:57:00.0000000";"NULL";"226";"S";"NULL";"NULL"
"1518";"Avenida das Américas, Ponto de ônibus. Referência: em frente a Estação BRT Interlagos";"59";"06:10:00.0000000";"NULL";"124";"S";"NULL";"NULL"
"1519";"R. Dr. Curvelo Cavalcante, 409 c/ Supermercado Berg's (P.ônibus)";"53";"07:29:00.0000000";"NULL";"244";"S";"paulo.thiago";"2024-04-05 00:00:00.000"
"1520";"Rod Pres. Dutra c/ Posto Shell 4 irmãos ";"61";"06:07:00.0000000";"NULL";"1003";"S";"NULL";"NULL"
"1521";"Estr. de Piranema Nº 639 c/ R. Fabio Alves (Entrada Boa Fé)";"64";"07:05:00.0000000";"NULL";"913";"S";"NULL";"NULL"
"1522";"Estr. de Piranema C/ Estr. Santa Rosa (Praça de Piranema)";"64";"07:07:00.0000000";"NULL";"1000";"S";"NULL";"NULL"
"1523";"Estr. de Piranema c/ R. Pastor Manoel Matias Vasconcelos (Igreja Batista)";"64";"07:08:00.0000000";"NULL";"1000";"S";"paulo.thiago";"2024-03-20 00:00:00.000"
"1524";"Estr. Rio São Paulo, 4480 c/ Km 49 (Ponto de Ônibus - Primeira Igreja Batista em Seropédica) [22°44'34.5""S 43°42'13.6""W]";"64";"06:47:00.0000000";"NULL";"918";"S";"paulo.thiago";"2024-07-30 00:00:00.000"
"1525";"Estr. Rio São Paulo, 3922 c/ Km 50 (Ponto de Ônibus - Garagem da Expresso Real Rio) [22°44'25.7""S 43°42'22.1""W]";"64";"06:46:00.0000000";"NULL";"918";"S";"paulo.thiago";"2024-07-30 00:00:00.000"
"1526";"Estr. Rio São Paulo c/ Km 54 (Nova Dutra)";"64";"06:42:00.0000000";"NULL";"911";"S";"NULL";"NULL"
"1528";"Rodoviária de Itaguaí - Parque Independência";"48";"07:14:00.0000000";"NULL";"244";"S";"lilian.carre";"2023-07-14 00:00:00.000"
"1529";"Av. Dep. Octávio Cabral, 165 c/ R. Raul Rangel (Concessionária Vadico) [22°52'21.6""S 43°46'24.8""W]";"53";"07:24:00.0000000";"NULL";"244";"S";"paulo.thiago";"2024-07-30 00:00:00.000"
"1530";"R. Dr. Curvelo Cavalcante, 26 c/ R. Antônio Mauricio (Trevo Auto Peças)";"53";"07:28:00.0000000";"NULL";"244";"S";"paulo.thiago";"2024-04-05 00:00:00.000"
"1531";"R. Dr. Curvelo Cavalcante c/ Av. Itaguaí";"53";"07:30:00.0000000";"NULL";"544";"S";"paulo.thiago";"2023-12-12 00:00:00.000"
"1532";"RJ-099, 220 (Casa de Rações - Márcia)";"53";"07:31:00.0000000";"NULL";"344";"S";"paulo.thiago";"2023-12-12 00:00:00.000"
"1533";"Rodovia Presidente Dutra (Primeiro ponto de ônibus depois da Praça de Pedágio - Seropédica (n206))";"64";"06:39:00.0000000";"NULL";"1007";"S";"paulo.thiago";"2023-12-01 00:00:00.000"
"1534";"RJ-99 c/ R. Aramis Brito de Oliveira (Posto de Gasolina VIA) [22°52'13.0""S 43°47'47.3""W]";"58";"07:14:00.0000000";"NULL";"244";"S";"paulo.thiago";"2024-07-30 00:00:00.000"
"1535";"Est. Prefeito Isoldackson Cruz de Brito, 2150 (Brutelhas Materiais de Construção)";"53";"07:32:00.0000000";"NULL";"244";"S";"paulo.thiago";"2024-06-14 00:00:00.000"
"1536";"Estrada do Mendanha, 349 (Drogaria do Povo)";"45";"06:44:00.0000000";"NULL";"129";"S";"paulo.thiago";"2023-09-13 00:00:00.000"
"1537";"Estr. Guandu do Sapê, 1393 (P. Onibus - OPSOUND)";"63";"06:47:00.0000000";"NULL";"129";"S";"paulo.thiago";"2023-11-24 00:00:00.000"
"1539";"Rua Padre Julio Maria c/ 166º DP de Angra";"57";"05:50:00.0000000";"NULL";"296";"S";"NULL";"NULL"
"1542";"Rua Pastor Manoel Avelino de Sousa c/ Avenida Nossa Senhora das Graças (Pista de Descida) ";"63";"05:30:00.0000000";"NULL";"786";"S";"NULL";"NULL"
"1543";"Av. Brasil c/ Estr. dos Palmares ( Passarela de Manguariba)";"60";"06:56:00.0000000";"NULL";"NULL";"N";"NULL";"NULL"
"1544";"Av. Brasil c/ Estr. dos Palmares (Passarela de Manguariba)";"60";"06:57:00.0000000";"NULL";"1011";"S";"paulo.thiago";"2024-01-12 00:00:00.000"
"1545";"Rua Dezenove c/ Rua Dezesseis";"29";"07:27:00.0000000";"NULL";"226";"S";"NULL";"NULL"
"1546";"Estr. Marechal Alencastro, 3618 (Ponto de Ônibus Igreja Universal)";"53";"06:33:00.0000000";"NULL";"36";"S";"paulo.thiago";"2024-04-05 00:00:00.000"
"1547";"Rua Costa Rica (Próx. Nº 200)";"60";"06:02:00.0000000";"NULL";"268";"S";"NULL";"NULL"
"1548";"Estrada do Campinho, 121 (Em frente ao Condomínio Parque dos Girassois)";"47";"06:45:00.0000000";"NULL";"129";"S";"paulo.thiago";"2023-09-13 00:00:00.000"
"1551";"Avenida Salvador Allende, nº 881 (Habib´s) ";"55";"05:40:00.0000000";"NULL";"124";"S";"NULL";"NULL"
"1553";"Rua Comendador Bastos, nº 79";"64";"05:40:00.0000000";"NULL";"967";"N";"NULL";"NULL"
"1554";"Av Ewerton de C. Xavier c/ Rua Vinte (Referência Posto Shell) ";"65";"05:37:00.0000000";"NULL";"186";"S";"NULL";"NULL"
"1556";"Rod. Pres. Dutra c/ Centro de Distribuição Lojas Americanas";"49";"07:06:00.0000000";"NULL";"845";"S";"paulo.thiago";"2024-09-02 00:00:00.000"
"1557";"Estr. de Sepetiba, 4525 c/ R. Laura Lopes";"50";"06:29:00.0000000";"NULL";"157";"S";"paulo.thiago";"2024-07-30 00:00:00.000"
"1558";" Av. Abílio Augusto Távora c/ Rua Lagoinha ref. Ass. Deus do Bairro Amazonas";"48";"06:20:00.0000000";"NULL";"721";"S";"paulo.thiago";"2024-04-02 00:00:00.000"
"1559";"Praça Cara Nova - Ponto de Ônibus";"29";"06:35:00.0000000";"NULL";"900";"S";"NULL";"NULL"
"1560";"Estrada do Engenho D'Água, 2";"55";"05:59:00.0000000";"NULL";"122";"S";"paulo.thiago";"2023-09-29 00:00:00.000"
"1561";"ESTR. DO CAMPINHO, 5214";"45";"07:00:00.0000000";"NULL";"129";"N";"NULL";"NULL"
"1562";"Estr. de Piranema ( Guiomar Transportes)";"64";"07:10:00.0000000";"NULL";"1000";"S";"NULL";"NULL"
"1563";"Estrada do Engenho c/ Estrada do Taquaral";"52";"06:46:00.0000000";"NULL";"123";"S";"NULL";"NULL"
"1565";"Estrada do Campinho, 1796 (Ponto de Onibus - Desembarque na referência 1671)";"47";"06:51:00.0000000";"NULL";"129";"S";"paulo.thiago";"2023-09-13 00:00:00.000"
"1566";"Rua Intendente Cunha Menezes, altura do n 222 (Ponto final de linhas circulares) ";"54";"06:03:00.0000000";"NULL";"81";"S";"NULL";"NULL"
"1567";"Rua Manoela Barbosa, nº 15 (ponto de ônibus) ";"54";"06:06:00.0000000";"NULL";"81";"S";"NULL";"NULL"
"1568";"Rua Comandante Vergueiro (Próx. Nº 206)";"60";"06:00:00.0000000";"NULL";"268";"S";"NULL";"NULL"
"1569";"Rod. Washington Luiz c/ Rua da Chacrinha (Móveis Planejados - Ponto de ônibus)";"63";"05:55:00.0000000";"NULL";"784";"S";"NULL";"NULL"
"1570";"Av Brasil c/ Assai Santa Cruz";"60";"07:03:00.0000000";"NULL";"153";"S";"paulo.thiago";"2024-01-12 00:00:00.000"
"1571";"Estr. Rio São Paulo, 5678 c/ Rua Volta Redonda (Ponto de ônibus) [22°44'59.6""S 43°41'49.6""W]";"64";"06:50:00.0000000";"NULL";"913";"S";"paulo.thiago";"2024-07-30 00:00:00.000"
"1572";"Rodovia Rio-Santos c/ Rua Vinte e Seis (Ponto de ônibus)";"53";"07:33:00.0000000";"NULL";"233";"S";"paulo.thiago";"2023-12-12 00:00:00.000"
"1573";"Estrada Rio São Paulo, 3221 (ponto de ônibus)";"63";"07:00:00.0000000";"NULL";"129";"S";"NULL";"NULL"
"1574";"Autoestrada Eng. Fernando Mac Dowell, 56 (Ponto de ônibus em frente ao Hortifruti) ";"59";"05:47:00.0000000";"NULL";"28";"N";"NULL";"NULL"
"1575";"Av. Central Ewerton Xavier, 7698 (Altura da Garagem Viação Pendotiba)";"65";"05:32:00.0000000";"NULL";"212";"S";"paulo.thiago";"2023-12-19 00:00:00.000"
"1576";"RJ-106 - Amaral Peixoto (Frente Posto Shell - Centro KM 27)";"65";"04:50:00.0000000";"NULL";"4";"N";"NULL";"NULL"
"1577";"Av Pres Roosevelt c/ Esquina Rua Tocantins (ponto de ônibus)";"65";"05:56:00.0000000";"NULL";"205";"N";"NULL";"NULL"
"1578";"Rododovia Amaral Peixoto, 7750 (Posto Trevo do Ouro)";"65";"05:27:00.0000000";"NULL";"212";"S";"paulo.thiago";"2023-12-19 00:00:00.000"
"1579";"Estrada Rio do A, 1415 (Guanabara)";"47";"06:43:00.0000000";"NULL";"129";"S";"paulo.thiago";"2023-09-13 00:00:00.000"
"1580";"Estrada do Campinho, 2462";"45";"06:54:00.0000000";"NULL";"129";"S";"paulo.thiago";"2023-09-13 00:00:00.000"
"1581";"Rua General Bocaiuva 924 (SASE - Leo Material de Construção - Somente embarque)";"48";"07:18:00.0000000";"NULL";"848";"S";"NULL";"NULL"
"1582";"Estrada do Teixeira (SASE - PRAÇA próximo a ""Febre Amarela"" - LAIA - Somente embarque)";"48";"07:21:00.0000000";"NULL";"244";"S";"NULL";"NULL"
"1583";"Fundação Getúlio Vargas (FGV) 190";"62";"05:35:00.0000000";"NULL";"13";"S";"NULL";"NULL"
"1584";"Avenida General San Martin, 1196 ";"62";"06:02:00.0000000";"NULL";"25";"S";"paulo.thiago";"2024-02-02 00:00:00.000"
"1585";"Praça Cara Nova - Ponto de ônibus";"151";"06:40:00.0000000";"NULL";"900";"S";"lilian.carre";"2024-04-11 00:00:00.000"
"1586";"Estrada RJ-127 c/ Posto de Gasolina BR";"66";"06:40:00.0000000";"NULL";"909";"S";"NULL";"NULL"
"1587";"Rua Emídio Lemos c/ Nº 416 (Colégio Cenec)";"151";"07:00:00.0000000";"NULL";"1001";"S";"lilian.carre";"2024-04-11 00:00:00.000"
"1588";"Rua Rosaria Loureiro c/Nº 228 (Posto Ipiranga)";"66";"07:00:00.0000000";"NULL";"1001";"S";"lilian.carre";"2024-04-11 00:00:00.000"
"1589";"Rua Décio Muniz da Silva Filho, em frente à Praça Chaperó, Gleba B";"67";"06:55:00.0000000";"NULL";"226";"S";"lilian.carre";"2024-01-05 00:00:00.000"
"1590";"Rua Dezesseis nº 722 c/ Rua Dezessete";"67";"07:06:00.0000000";"NULL";"226";"N";"NULL";"NULL"
"1591";"Rua Dezenove c/ Rua Dezesseis";"67";"07:07:00.0000000";"NULL";"226";"S";"NULL";"NULL"
"1592";"Rua Treze - Gleba A c/Rua Oito";"67";"07:10:00.0000000";"NULL";"226";"S";"NULL";"NULL"
"1593";"Rua Oito c/Rua Um (prox. BRIZOLÂO)";"67";"07:12:00.0000000";"NULL";"226";"S";"NULL";"NULL"
"1594";"Rua das Rosas c/ Rua das Camélias";"67";"07:15:00.0000000";"NULL";"226";"S";"NULL";"NULL"
"1595";"Avenida Albérico Diniz nº800 (Condomínio da Aeronáutica)";"52";"06:14:00.0000000";"NULL";"143";"S";"NULL";"NULL"
"1596";"Rodovia Presidente Dutra, 35.500 - em baixo do viaduto";"49";"07:04:00.0000000";"NULL";"883";"N";"NULL";"NULL"
"1597";"Estr. dos Bandeirantes, 5837";"52";"05:40:00.0000000";"NULL";"142";"N";"NULL";"NULL"
"1598";"Estrada do Cabuçu, 1391 (pto ônibus)";"46";"06:18:00.0000000";"NULL";"129";"S";"NULL";"NULL"
"1599";"R. Antônio Borges Leal c/ Esquina Rod. Presidente Dutra";"48";"06:32:00.0000000";"NULL";"NULL";"S";"NULL";"NULL"
"1600";"R. Antônio Borges Leal c/ Esquina Rod. Presidente Dutra";"49";"06:37:00.0000000";"NULL";"NULL";"S";"NULL";"NULL"
"1601";"R. das Rosas, 776-832 - Parque Primavera";"67";"07:14:00.0000000";"NULL";"NULL";"S";"NULL";"NULL"
"1602";"Rua das Rosas C/ Rua Tulipas - Parque Primavera";"67";"07:14:00.0000000";"NULL";"226";"S";"NULL";"NULL"
"1603";"Estr. da Cachamorra Nº 1115 - Residencial Supera (Ponto de ônibus)";"51";"06:12:00.0000000";"NULL";"129";"S";"NULL";"NULL"
"1604";"Estrada da Posse, 2722 (RM Boutique Fitness)";"45";"06:35:00.0000000";"NULL";"154";"S";"paulo.thiago";"2023-09-13 00:00:00.000"
"1605";"Avenida das Américas, 17050 - Recreio dos Bandeirantes (Ponto de Ônibus - Chevrolet Lider)";"59";"06:21:00.0000000";"NULL";"152";"S";"paulo.thiago";"2023-12-08 00:00:00.000"
"1606";"R. Antônio Borges Leal c/ Esquina Rod. Presidente Dutra [22°45'43.1""S 43°25'18.1""W]";"49";"06:37:00.0000000";"NULL";"686";"S";"paulo.thiago";"2024-10-30 00:00:00.000"
"1607";"Estrada Rio-São Paulo, 4195 (condomínio Park Rivera do sol)";"63";"07:10:00.0000000";"NULL";"129";"S";"NULL";"NULL"
"1608";"Avenida das Américas próximo ao 11.555 - BRT Pontões/Barra Sul";"59";"06:09:00.0000000";"NULL";"124";"S";"paulo.thiago";"2023-12-08 00:00:00.000"
"1609";"Rua da Pátria, 569, esquina com a Estrada Paulo de Medeiros ";"54";"05:47:00.0000000";"NULL";"33";"N";"NULL";"NULL"
"1610";"Rod. Rio Santos KM 414 c/ Passarela Itimirm (Igreja Metodista)";"57";"07:15:00.0000000";"NULL";"227";"S";"lilian.carre";"2023-08-14 00:00:00.000"
"1611";" Estrada da Pedra c/Rua Beco do Condé (Ponto de ônibus em frente do Antiquário)";"59";"06:48:00.0000000";"NULL";"139";"S";"paulo.thiago";"2023-12-08 00:00:00.000"
"1612";"Rua Guarujá, 288 (Ref. Ponto de Ônibus - em frente a loja Eco Center)";"51";"06:50:00.0000000";"NULL";"140";"S";"roberto.silva";"2024-01-12 00:00:00.000"
"1613";"Rua Bahia, 386 (Ponto de ônibus - praça de Muriqui) ";"57";"07:03:00.0000000";"NULL";"195";"S";"NULL";"NULL"
"1614";"Avenida Candido Jorge, RJ-014 (Ref. Ponto de Ônibus -E.M Pres. Castelo Branco)";"57";"07:06:00.0000000";"NULL";"195";"S";"NULL";"NULL"
"1616";"Avenida das Américas próximo ao 11365 (Cond. Blue)";"59";"06:11:00.0000000";"NULL";"124";"S";"NULL";"NULL"
"1617";"Ponto de ônibus - Cantagalo, Angra dos Reis - RJ, 23919-510";"57";"06:22:00.0000000";"NULL";"305";"S";"NULL";"NULL"
"1618";"Av. Décio Nogueira, 493 - Itacuruçá";"57";"07:14:00.0000000";"NULL";"1004";"S";"NULL";"NULL"
"1619";"RJ-014, 100 (Cond. Solar de Itacuruçá)";"57";"07:13:00.0000000";"NULL";"1004";"S";"NULL";"NULL"
"1620";"Av. Cândido Jorge, 234 - Vila Muriqui";"57";"07:05:00.0000000";"NULL";"195";"S";"NULL";"NULL"
"1621";"Rua Eutíquio Soledade próximo ao 195";"20";"05:42:00.0000000";"NULL";"108";"S";"NULL";"NULL"
"1622";"Estr. Governador Chagas Freitas c/ R. Ângelo Neves";"64";"05:45:00.0000000";"NULL";"967";"S";"NULL";"NULL"
"1623";"R. Eutíquio Soledade próx. ao 195";"64";"05:40:00.0000000";"NULL";"967";"S";"NULL";"NULL"
"1624";"Est. da Paciência, 138 - Estação de Paciência (Escada)";"51";"06:54:00.0000000";"NULL";"146";"S";"NULL";"NULL"
"1625";"New York City Center, Av. das Américas, 5000 - Barra da Tijuca, Rio de Janeiro - RJ, 22640-102";"59";"05:59:00.0000000";"NULL";"NULL";"S";"NULL";"NULL"
"1626";"Rodovia Br-465, 716 - Santa Sofia (Referência: Lava Jato do Will)";"64";"06:41:00.0000000";"NULL";"554";"S";"NULL";"NULL"
"1627";"Avenida das Américas, 5000 (New York City Center)";"59";"05:59:00.0000000";"NULL";"124";"S";"paulo.thiago";"2023-12-08 00:00:00.000"
"1628";"Avenida Marechal Fontenele N°3582 (ponto de ônibus)";"52";"06:19:00.0000000";"NULL";"143";"S";"NULL";"NULL"
"1629";"Rua Uruguai, 228 ";"56";"05:58:00.0000000";"NULL";"109";"S";"NULL";"NULL"
"1630";"BR 465, 709 (Supermercado Rio Sul)";"48";"06:49:00.0000000";"NULL";"919";"S";"paulo.thiago";"2024-02-16 00:00:00.000"
"1631";"Avenida Geremário Dantas n°1289 (Restaurante Rancho Verde)";"55";"06:12:00.0000000";"NULL";"135";"S";"NULL";"NULL"
"1632";"Av. Brasil 22474 (Magno Imóveis)";"60";"06:29:00.0000000";"NULL";"65";"S";"NULL";"NULL"
"1633";"Rua Pedro Téles próximo ao 552 (Ponto de Ônibus)";"52";"06:04:00.0000000";"NULL";"150";"S";"NULL";"NULL"
"1634";"Av. Brasil 22440 (Em frente ao Posto do Atacadão)";"60";"06:28:00.0000000";"NULL";"65";"S";"NULL";"NULL"
"1635";"Estrada da Posse, em frente a Clínica da Família Sonia Maria Ferreira Machado.";"45";"06:32:00.0000000";"NULL";"154";"N";"NULL";"NULL"
"1636";"Estrada do Campinho, 5200 (Igreja Internacional da Graça)";"45";"07:01:00.0000000";"NULL";"140";"S";"paulo.thiago";"2023-09-13 00:00:00.000"
"1637";"Rodovia Rio Santo (Ponto de Ônibus em frente à PRF)";"57";"06:00:00.0000000";"NULL";"300";"S";"NULL";"NULL"
"1638";"Rua Conde de Bonfim nº 685";"56";"06:01:00.0000000";"NULL";"109";"S";"NULL";"NULL"
"1639";"Av. Abílio Augusto Távora n° 4727";"48";"06:10:00.0000000";"NULL";"750";"S";"lilian.carre";"2023-06-22 00:00:00.000"
"1640";"BR 465, 180 (Pet Monteiro)  - Jardins , Seropédica";"48";"06:46:00.0000000";"NULL";"554";"S";"lilian.carre";"2023-06-22 00:00:00.000"
"1641";"Av. Brasil proximo ao nº101 (Passarela) - oposto ao residencial Malaga Garden";"60";"06:55:00.0000000";"NULL";"129";"S";"paulo.thiago";"2024-01-12 00:00:00.000"
"3001";"Av. Brasil c/ Posto Vagão ";"60";"06:34:00.0000000";"NULL";"151";"S";"paulo.thiago";"2024-07-17 00:00:00.000"
"3002";"Rua Olinda Ellis, 470 (Centro Esportivo Miécimo da Silva)";"51";"06:07:00.0000000";"NULL";"129";"S";"NULL";"NULL"
"3003";"Estrada do Campinho , 2198";"45";"06:53:00.0000000";"NULL";"129";"N";"NULL";"NULL"
"3004";"Av. Brasil 17795 c/ Gata de Irajá";"58";"06:30:00.0000000";"NULL";"69";"S";"NULL";"NULL"
"3005";"Av. Brasil c/ Passsarela em frente ao DNER";"58";"06:27:00.0000000";"NULL";"69";"S";"NULL";"NULL"
"3006";"Estrada do Catonho nº 650 (ponto de ônibus - Queen Motel)";"55";"06:50:00.0000000";"NULL";"NULL";"S";"NULL";"NULL"
"3007";"Estrada do Catonho, 650 (ponto de ônibus-Queen Motel)";"55";"06:35:00.0000000";"NULL";"158";"S";"roberto.silva";"2023-07-19 00:00:00.000"
"3008";"Estr. São Tarcísio 1829 c/ Rua das Valas";"50";"06:14:00.0000000";"NULL";"157";"S";"roberto.silva";"2023-07-26 00:00:00.000"
"3009";"Rodovia Amaral Peixoto, 9890 - Viação N.Sra. do Amparo (ponto de ônibus)";"65";"05:23:00.0000000";"NULL";"212";"S";"paulo.thiago";"2023-12-19 00:00:00.000"
"3010";"Avenida Cesário de Melo, 9656 (BRT Pq. de São Paulo)";"46";"06:36:00.0000000";"NULL";"132";"S";"paulo.thiago";"2024-06-07 00:00:00.000"
"3011";"Estr. Rio São Paulo, 178";"48";"06:39:00.0000000";"NULL";"712";"S";"NULL";"NULL"
"3012";"Av. Carlos Marques Rollo, 77(ponto de ônibus) - LD Automoveis";"53";"06:15:00.0000000";"NULL";"713";"S";"paulo.thiago";"2024-04-05 00:00:00.000"
"3013";"Ponto de ônibus - Cantagalo, Angra dos reis - RJ 23919-510";"57";"06:22:00.0000000";"NULL";"NULL";"S";"NULL";"NULL"
"3014";"Rod. Rio Santos c/ R. Leontino Cecílio de Carvalho (P.ônibus - Solar dos Paivas)";"57";"06:09:00.0000000";"NULL";"312";"S";"NULL";"NULL"
"3015";"Estr. Teixeiras nº137 c/ Floricultura (Acesso a Rio Santos)";"60";"07:05:00.0000000";"NULL";"NULL";"S";"NULL";"NULL"
"3016";"Rua Haddock Lobo, 269. (Concessionária Hyundai)";"56";"06:12:00.0000000";"NULL";"109";"S";"NULL";"NULL"
"3017";"Estr. Rio São Paulo (Instituto de Ciências Humanas e Sociais)";"64";"06:56:00.0000000";"NULL";"918";"S";"NULL";"NULL"
"3018";"Avenida das Américas, 13950 (ponto de ônibus)";"59";"06:17:00.0000000";"NULL";"NULL";"S";"NULL";"NULL"
"3019";"Avenidas das Américas, 13950 (ponto de ônibus)";"59";"06:17:00.0000000";"NULL";"152";"S";"NULL";"NULL"
"3020";"Av. Brasil, 51578 (pto ônibus_Gelo da Doca_Cond. Aterrado do Leme)";"60";"07:01:00.0000000";"NULL";"153";"S";"paulo.thiago";"2024-01-12 00:00:00.000"
"3021";"Estr. do Mendanha, 2793 (Cond. Vale das Palmeiras - pto de ônibus)";"63";"06:41:00.0000000";"NULL";"129";"S";"paulo.thiago";"2023-08-22 00:00:00.000"
"3022";"Avenida Brasil próximo ao 433 (Pto ônibus - 1ª passarela Shopping Guadalupe )";"60";"06:25:00.0000000";"NULL";"65";"S";"NULL";"NULL"
"3023";"Rodovia RJ 099 (ponto de ônibus - Localiza)";"48";"07:05:00.0000000";"NULL";"NULL";"S";"NULL";"NULL"
"3024";"Rodovia Prefeito Abeilard Goulart de Souza, 2100 (Ponto de Ônibus - Localiza Seminovos) [22°51'59.7""S 43°45'21.0""W]";"48";"07:05:00.0000000";"NULL";"244";"S";"paulo.thiago";"2024-07-30 00:00:00.000"
"3025";"Estrada Santa Maria, 840 (Igreja Universal do Reino de Deus - Ponto de Ônibus)";"47";"06:54:00.0000000";"NULL";"129";"S";"paulo.thiago";"2024-06-18 00:00:00.000"
"3026";"Estrada do Tingui, 2556 c/ Estrada Carvalho Ramos (Oficina)";"47";"06:57:00.0000000";"NULL";"129";"S";"paulo.thiago";"2023-09-13 00:00:00.000"
"3027";"Estrada Carvalho Ramos c/ Rua João Reis (Pç Novo Horizonte)";"47";"06:58:00.0000000";"NULL";"129";"S";"paulo.thiago";"2023-09-13 00:00:00.000"
"3028";"Estrada Carvalho Ramos, 168 c/ Rua Cara-Mimoso (Padaria BigBig)";"47";"06:59:00.0000000";"NULL";"129";"S";"paulo.thiago";"2023-09-13 00:00:00.000"
"3029";"Rua General Olímpio, 120 (Ponto de Ônibus - McDonald's)";"59";"06:59:00.0000000";"NULL";"153";"S";"paulo.thiago";"2023-12-08 00:00:00.000"
"3030";"Avenida Governador Leonel de Moura Brizola, 10525 (ponto de ônibus)";"58";"06:00:00.0000000";"NULL";"578";"S";"paulo.thiago";"2024-11-05 00:00:00.000"
"3031";"Estr. do Campinho, 1024 (Churrascaria Espeto Campinho)";"47";"06:48:00.0000000";"NULL";"129";"S";"roberto.silva";"2023-11-21 00:00:00.000"
"3032";"Estr. Guandu do Sapê, 1119 (Super Compras - Guandu Sapê)";"63";"06:46:00.0000000";"NULL";"129";"S";"NULL";"NULL"
"3033";"R. Cap. Edmundo Soares, 102 (Pto ref. Escola Cantinho do Saber)";"48";"05:42:00.0000000";"NULL";"718";"S";"NULL";"NULL"
"3034";"Rodovia Luiz Henrique Rezende Novaes (Primeiro ponto de ônibus depois da Praça de Pedágio - Seropédica)";"64";"06:40:00.0000000";"NULL";"1501";"S";"NULL";"NULL"
"3035";"Estrada da Pedra, 3885 c/ Rua Cascaria (Ponto de ônibus / Transriver Transportes)";"59";"06:46:00.0000000";"NULL";"153";"S";"NULL";"NULL"
"3036";"Estrada do Pedregoso, 40 (ponto de ônibus)";"63";"06:45:00.0000000";"NULL";"129";"S";"NULL";"NULL"
"3037";"Praça Valdir Vieira c/ Estrda do Soca";"55";"06:33:00.0000000";"NULL";"783";"S";"roberto.silva";"2024-01-11 00:00:00.000"
"3038";"Estr. de Chaperó, 815 c/ Bar do Joca ";"67";"07:20:00.0000000";"NULL";"226";"S";"paulo.thiago";"2024-03-20 00:00:00.000"
"3039";"Av. Silvio Pincanço - próximo ao nº 651 (pto de ônibus)";"65";"05:54:00.0000000";"NULL";"175";"S";"NULL";"NULL"
"3040";"Rodovia Rio Santos 295 (Ponto de Ônibus - Passarela)";"57";"07:25:00.0000000";"NULL";"1503";"S";"paulo.thiago";"2024-02-16 00:00:00.000"
"3041";"Avenida das Américas, 29470 (Residencial CTex)";"59";"06:35:00.0000000";"NULL";"139";"S";"NULL";"NULL"
"3042";"Rua Dr. Nunes, 664 (próx. Barreto Material de Construção)";"60";"05:58:00.0000000";"NULL";"83";"S";"paulo.thiago";"2024-03-11 00:00:00.000"
"3043";"Av. Abílio Augusto Távora c/ Rua Nordeste (Lava Jato)";"48";"06:17:00.0000000";"NULL";"707";"S";"paulo.thiago";"2024-04-02 00:00:00.000"
"3044";"Estrada de Sepetiba, 179 (Ponto de ônibus - Subestação Light)";"50";"06:32:00.0000000";"NULL";"157";"N";"NULL";"NULL"
"3045";"Avenida Presidente Wilson 203";"25";"05:25:00.0000000";"NULL";"696";"N";"NULL";"NULL"
"3046";"Avenida Presidente Wilson , 203";"25";"05:25:00.0000000";"NULL";"225";"N";"NULL";"NULL"
"3047";"Avenida Presidente Wilson, 203";"62";"05:25:00.0000000";"NULL";"696";"S";"paulo.thiago";"2024-06-19 00:00:00.000"
"3048";"Avenida Cesário de Melo, 4098 c/ Rua Tiaraju (Usina Burger)";"46";"06:26:00.0000000";"NULL";"129";"S";"paulo.thiago";"2024-06-07 00:00:00.000"
"3049";"Avenida Cesário de Melo, 6526 (Saldão do Pizo)";"46";"06:31:00.0000000";"NULL";"140";"S";"NULL";"NULL"
"3050";"MP - MEIOS PRÓPIOS";"40";"00:00:00.0000000";"NULL";"NULL";"S";"NULL";"NULL"
"3051";"MEIOS PRÓPIOS";"40";"00:00:00.0000000";"NULL";"NULL";"S";"NULL";"NULL"
"3052";"Rua Rodovia Rio Santos (Restaurante Emporio do Sabor)";"57";"06:28:00.0000000";"NULL";"1504";"S";"NULL";"NULL"
"3053";"Rodovia Rio Santos (Rede Ferraz Pneus)";"52";"07:24:00.0000000";"NULL";"223";"S";"NULL";"NULL"
"3054";"Rua Guarujá, 312-316 (Próx. ao Vd. de Paciência)  [22°54'53.9""S 43°37'38.1""W]";"51";"06:53:00.0000000";"NULL";"146";"S";"paulo.thiago";"2024-08-30 00:00:00.000"
"3055";"Rua Elias Costa c/ Rua Dezesseis";"67";"07:06:00.0000000";"NULL";"226";"S";"lilian.carre";"2024-07-29 00:00:00.000"
"3056";"Estr. Rio São Paulo c/ Rua Josino Fernandes Nunes (Ponto de Ônibus - Passarela) [22°44'48.8""S 43°42'00.1""W]";"64";"06:49:00.0000000";"NULL";"1501";"S";"paulo.thiago";"2024-07-29 00:00:00.000"
"3057";"Estrada Sepetiba 2875 (ponto de ônibus em frente a Escola Municipal Júlio Cesário de Melo)";"50";"06:32:00.0000000";"NULL";"157";"S";"NULL";"NULL"
"3058";"Rua Guarujá 1568 (Praça Sofia Moreira)";"51";"06:51:00.0000000";"NULL";"140";"S";"NULL";"NULL"
"3059";"Estr. Cel. Pedro Corrêa, 1470-1620 - Posto Petrobras";"55";"05:48:00.0000000";"NULL";"142";"S";"NULL";"NULL"
"3060";"Estrada Japoré 251";"52";"06:12:00.0000000";"NULL";"143";"S";"NULL";"NULL"
"3061";"Via Light, Próximo Ao 1493-1511 (Via Light Mall)";"48";"05:49:00.0000000";"NULL";"685";"S";"paulo.thiago";"2024-11-01 00:00:00.000"
"3062";"Av. Areia Branca, 175 c/ Rua Sapucaí (Ponto de ônibus - Barbante Bar & Adega) [22°55'44.0""S 43°41'23.8""W]";"50";"06:43:00.0000000";"NULL";"153";"S";"paulo.thiago";"2024-11-08 00:00:00.000"
"3063";"Estrada do Campinho, 4066 (Ponto de Ônibus - Próx. Posto Petrole1) [22°53'11.7""S 43°36'03.4""W]";"45";"06:59:00.0000000";"NULL";"132";"S";"paulo.thiago";"2024-11-25 00:00:00.000"
"3064";"Rua Campo Grande 3680 (ponto de ônibus próximo ao condomínio Vitória Régia MRV)";"51";"06:45:00.0000000";"NULL";"129";"S";"NULL";"NULL"
